duration,protocol_type,service,flag,src_bytes,dst_bytes,land,wrong_fragment,urgent,hot,num_failed_logins,logged_in,num_compromised,root_shell,su_attempted,num_root,num_file_creations,num_shells,num_access_files,num_outbound_cmds,is_host_login,is_guest_login,count,srv_count,serror_rate,srv_serror_rate,rerror_rate,srv_rerror_rate,same_srv_rate,diff_srv_rate,srv_diff_host_rate,dst_host_count,dst_host_srv_count,dst_host_same_srv_rate,dst_host_diff_srv_rate,dst_host_same_src_port_rate,dst_host_srv_diff_host_rate,dst_host_serror_rate,dst_host_srv_serror_rate,dst_host_rerror_rate,dst_host_srv_rerror_rate
0,1,49,1,0,0,0,0,0,0,0,0,0,0,0,0,0,0,0,0,0,0,266,9,0.0,0.0,1.0,1.0,0.03,0.07,0.0,238,8,0.03,0.08,0.0,0.0,0.0,0.0,1.0,1.0
0,1,57,1,0,0,0,0,0,0,0,0,0,0,0,0,0,0,0,0,0,0,4,4,0.0,0.0,1.0,1.0,0.25,1.0,1.0,39,52,0.18,0.13,0.03,0.04,0.0,0.0,0.87,1.0
0,1,24,9,321,1149,0,0,0,0,0,1,0,0,0,0,0,0,0,0,0,0,2,2,0.0,0.0,0.0,0.0,1.0,0.0,0.0,4,255,1.0,0.0,0.25,0.05,0.0,0.0,0.0,0.0
0,1,24,9,326,880,0,0,0,0,0,1,0,0,0,0,0,0,0,0,0,0,35,56,0.0,0.0,0.0,0.0,1.0,0.0,0.05,219,255,1.0,0.0,0.0,0.01,0.0,0.0,0.0,0.0
0,1,49,1,0,0,0,0,0,0,0,0,0,0,0,0,0,0,0,0,0,0,298,17,0.0,0.0,1.0,1.0,0.06,0.05,0.0,255,17,0.07,0.06,0.0,0.0,0.0,0.0,1.0,1.0
0,1,24,9,216,2721,0,0,0,0,0,1,0,0,0,0,0,0,0,0,0,0,5,8,0.0,0.0,0.0,0.0,1.0,0.0,0.25,255,255,1.0,0.0,0.0,0.0,0.0,0.0,0.0,0.0
0,1,54,9,0,83,0,0,0,0,0,1,0,0,0,0,0,0,0,0,0,0,2,1,0.0,0.0,0.0,0.0,0.5,1.0,0.0,255,141,0.55,0.02,0.0,0.0,0.0,0.0,0.0,0.01
0,1,60,1,0,0,0,0,0,0,0,0,0,0,0,0,0,0,0,0,0,0,1,7,0.0,0.14,1.0,0.57,1.0,0.0,0.86,180,89,0.34,0.03,0.01,0.02,0.01,0.01,0.87,0.63
0,2,12,9,44,44,0,0,0,0,0,0,0,0,0,0,0,0,0,0,0,0,207,207,0.0,0.0,0.0,0.0,1.0,0.0,0.0,255,228,0.89,0.01,0.01,0.0,0.0,0.0,0.0,0.0
0,1,49,1,0,0,0,0,0,0,0,0,0,0,0,0,0,0,0,0,0,0,230,16,0.0,0.0,1.0,1.0,0.07,0.07,0.0,255,16,0.06,0.07,0.0,0.0,0.0,0.0,1.0,1.0
0,1,28,1,0,0,0,0,0,0,0,0,0,0,0,0,0,0,0,0,0,0,3,30,0.0,0.0,1.0,0.97,0.33,1.0,1.0,255,13,0.05,0.03,0.0,0.0,0.0,0.0,0.17,1.0
0,1,24,9,342,37413,0,0,0,1,0,1,0,0,0,0,0,0,0,0,0,0,1,3,0.0,0.0,0.0,0.0,1.0,0.0,0.67,230,255,1.0,0.0,0.0,0.01,0.0,0.0,0.0,0.0
0,1,49,1,0,0,0,0,0,0,0,0,0,0,0,0,0,0,0,0,0,0,290,4,0.01,0.0,0.99,1.0,0.01,0.06,0.0,255,4,0.02,0.07,0.0,0.0,0.01,0.0,0.99,1.0
4,1,47,9,30,93,0,0,0,0,0,1,0,0,0,0,0,0,0,0,0,0,1,1,0.0,0.0,0.0,0.0,1.0,0.0,0.0,255,248,0.97,0.02,0.0,0.0,0.0,0.0,0.02,0.0
0,1,49,1,0,0,0,0,0,0,0,0,0,0,0,0,0,0,0,0,0,0,134,18,0.0,0.0,1.0,1.0,0.13,0.05,0.0,255,18,0.07,0.06,0.0,0.0,0.0,0.0,1.0,1.0
0,2,49,9,105,145,0,0,0,0,0,0,0,0,0,0,0,0,0,0,0,0,1,1,0.0,0.0,0.0,0.0,1.0,0.0,0.0,255,254,1.0,0.01,0.01,0.0,0.0,0.0,0.0,0.0
0,1,24,9,230,379,0,0,0,0,0,1,0,0,0,0,0,0,0,0,0,0,4,4,0.0,0.0,0.0,0.0,1.0,0.0,0.0,255,255,1.0,0.0,0.0,0.0,0.0,0.0,0.0,0.0
0,1,24,5,0,0,0,0,0,0,0,0,0,0,0,0,0,0,0,0,0,0,111,111,1.0,1.0,0.0,0.0,1.0,0.0,0.0,255,255,1.0,0.0,0.0,0.0,0.57,0.57,0.4,0.4
0,1,24,9,214,1340,0,0,0,0,0,1,0,0,0,0,0,0,0,0,0,0,36,41,0.0,0.0,0.0,0.0,1.0,0.0,0.07,123,255,1.0,0.0,0.01,0.02,0.0,0.0,0.0,0.0
0,1,63,9,0,4,0,0,0,0,0,0,0,0,0,0,0,0,0,0,0,0,1,1,0.0,0.0,0.0,0.0,1.0,0.0,0.0,2,2,1.0,0.0,0.5,0.0,0.0,0.0,0.0,0.0
0,0,15,9,1032,0,0,0,0,0,0,0,0,0,0,0,0,0,0,0,0,0,510,510,0.0,0.0,0.0,0.0,1.0,0.0,0.0,255,21,0.08,0.02,0.09,0.0,0.0,0.0,0.0,0.0
4,1,47,9,28,93,0,0,0,0,0,1,0,0,0,0,0,0,0,0,0,0,1,1,0.0,0.0,0.0,0.0,1.0,0.0,0.0,255,169,0.66,0.02,0.0,0.0,0.0,0.0,0.12,0.0
0,1,44,1,0,0,0,0,0,0,0,0,0,0,0,0,0,0,0,0,0,0,477,1,0.09,0.0,0.91,1.0,0.0,1.0,0.0,255,1,0.0,1.0,0.0,0.0,0.13,0.0,0.87,1.0
0,1,24,9,328,5591,0,0,0,0,0,1,0,0,0,0,0,0,0,0,0,0,22,22,0.0,0.0,0.0,0.0,1.0,0.0,0.0,255,255,1.0,0.0,0.01,0.0,0.01,0.01,0.0,0.0
0,1,24,9,329,2056,0,0,0,0,0,1,0,0,0,0,0,0,0,0,0,0,2,2,0.0,0.0,0.0,0.0,1.0,0.0,0.0,198,255,1.0,0.0,0.01,0.01,0.0,0.0,0.0,0.0
3,1,60,9,24,109,0,0,0,0,0,0,0,0,0,0,0,0,0,0,0,0,1,10,0.0,0.1,0.0,0.4,1.0,0.0,0.6,90,83,0.32,0.06,0.01,0.02,0.0,0.0,0.9,0.7
0,0,15,9,1032,0,0,0,0,0,0,0,0,0,0,0,0,0,0,0,0,0,510,510,0.0,0.0,0.0,0.0,1.0,0.0,0.0,255,80,0.31,0.01,0.31,0.0,0.0,0.0,0.0,0.0
0,1,49,5,0,0,0,0,0,0,0,0,0,0,0,0,0,0,0,0,0,0,43,1,1.0,1.0,0.0,0.0,0.02,0.16,0.0,255,1,0.0,0.15,0.0,0.0,0.99,1.0,0.0,0.0
0,2,49,9,105,146,0,0,0,0,0,0,0,0,0,0,0,0,0,0,0,0,2,1,0.0,0.0,0.0,0.0,0.5,1.0,0.0,255,253,0.99,0.01,0.0,0.0,0.0,0.0,0.0,0.0
0,2,12,9,45,137,0,0,0,0,0,0,0,0,0,0,0,0,0,0,0,0,151,231,0.0,0.0,0.0,0.0,1.0,0.0,0.01,255,254,1.0,0.01,0.0,0.0,0.0,0.0,0.0,0.0
0,1,19,9,26,157,0,0,0,0,1,0,0,0,0,0,0,0,0,0,0,1,1,1,0.0,0.0,0.0,0.0,1.0,0.0,0.0,255,128,0.5,0.03,0.0,0.0,0.0,0.0,0.0,0.0
0,1,28,5,0,0,0,0,0,0,0,0,0,0,0,0,0,0,0,0,0,0,152,12,1.0,1.0,0.0,0.0,0.08,0.09,0.0,255,12,0.05,0.09,0.0,0.0,1.0,1.0,0.0,0.0
0,1,54,9,110,353,0,0,0,0,0,1,0,0,0,0,0,0,0,0,0,0,1,2,0.0,0.0,0.0,0.0,1.0,0.0,1.0,255,20,0.08,0.02,0.0,0.0,0.0,0.0,0.0,0.0
2,1,54,9,1008,329,0,0,0,0,0,1,0,0,0,0,1,0,0,0,0,0,1,2,0.0,0.0,0.0,0.0,1.0,0.0,1.0,142,158,0.62,0.03,0.01,0.01,0.01,0.01,0.0,0.0
0,1,49,5,0,0,0,0,0,0,0,0,0,0,0,0,0,0,0,0,0,0,216,7,1.0,1.0,0.0,0.0,0.03,0.07,0.0,255,7,0.03,0.07,0.0,0.0,1.0,1.0,0.0,0.0
1,1,60,9,24,109,0,0,0,0,0,0,0,0,0,0,0,0,0,0,0,0,3,2,0.0,0.0,0.67,0.0,0.33,1.0,1.0,147,85,0.33,0.03,0.01,0.02,0.0,0.0,0.88,0.68
0,1,24,9,210,592,0,0,0,0,0,1,0,0,0,0,0,0,0,0,0,0,2,2,0.0,0.0,0.0,0.0,1.0,0.0,0.0,255,255,1.0,0.0,0.0,0.0,0.0,0.0,0.0,0.0
0,1,24,9,343,1202,0,0,0,0,0,1,0,0,0,0,0,0,0,0,0,0,1,1,0.0,0.0,0.0,0.0,1.0,0.0,0.0,196,255,1.0,0.0,0.01,0.01,0.0,0.0,0.0,0.0
0,1,24,9,155,14780,0,0,0,0,0,1,0,0,0,0,0,0,0,0,0,0,1,1,0.0,0.0,0.0,0.0,1.0,0.0,0.0,255,255,1.0,0.0,0.0,0.0,0.0,0.0,0.0,0.0
0,1,24,9,401,282,0,0,0,0,0,1,0,0,0,0,0,0,0,0,0,0,6,9,0.0,0.0,0.0,0.0,1.0,0.0,0.33,40,255,1.0,0.0,0.03,0.07,0.0,0.0,0.0,0.0
0,0,15,9,1032,0,0,0,0,0,0,0,0,0,0,0,0,0,0,0,0,0,73,73,0.0,0.0,0.0,0.0,1.0,0.0,0.0,255,255,1.0,0.0,1.0,0.0,0.0,0.0,0.0,0.0
7378,1,60,9,0,44,0,0,0,0,0,0,0,0,0,0,0,0,0,0,0,0,1,1,0.0,0.0,0.0,0.0,1.0,0.0,0.0,255,212,0.83,0.17,0.0,0.0,0.5,0.6,0.17,0.01
0,2,44,9,1,1,0,0,0,0,0,0,0,0,0,0,0,0,0,0,0,0,165,1,0.0,0.0,0.0,0.0,0.01,1.0,0.0,255,1,0.0,0.7,0.99,0.0,0.0,0.0,0.0,0.0
0,1,6,1,0,0,0,0,0,0,0,0,0,0,0,0,0,0,0,0,0,0,146,16,0.0,0.0,1.0,1.0,0.11,0.05,0.0,255,16,0.06,0.05,0.0,0.0,0.0,0.0,1.0,1.0
0,1,24,9,255,3372,0,0,0,0,0,1,0,0,0,0,0,0,0,0,0,0,2,2,0.0,0.0,0.0,0.0,1.0,0.0,0.0,72,255,1.0,0.0,0.01,0.02,0.0,0.0,0.0,0.0
0,1,20,9,192,0,0,0,0,0,0,0,0,0,0,0,0,0,0,0,0,0,2,2,0.0,0.0,0.0,0.0,1.0,0.0,0.0,79,4,0.05,0.05,0.05,0.0,0.0,0.0,0.0,0.0
0,1,19,9,26,157,0,0,0,0,1,0,0,0,0,0,0,0,0,0,0,1,1,1,0.0,0.0,0.0,0.0,1.0,0.0,0.0,127,59,0.46,0.03,0.01,0.0,0.0,0.0,0.0,0.0
0,1,54,2,0,0,0,0,0,0,0,0,0,0,0,0,0,0,0,0,0,0,215,7,0.0,0.0,1.0,1.0,0.03,0.07,0.0,255,7,0.03,0.08,0.0,0.0,0.0,0.0,1.0,1.0
0,2,49,9,105,146,0,0,0,0,0,0,0,0,0,0,0,0,0,0,0,0,3,2,0.0,0.0,0.0,0.0,0.67,0.67,0.0,255,253,0.99,0.01,0.0,0.0,0.0,0.0,0.0,0.0
0,1,7,1,0,0,0,0,0,0,0,0,0,0,0,0,0,0,0,0,0,0,241,19,0.0,0.0,1.0,1.0,0.08,0.06,0.0,255,19,0.07,0.06,0.0,0.0,0.0,0.0,1.0,1.0
4,1,47,9,28,93,0,0,0,0,0,1,0,0,0,0,0,0,0,0,0,0,1,1,0.0,0.0,0.0,0.0,1.0,0.0,0.0,227,208,0.92,0.01,0.0,0.0,0.0,0.0,0.04,0.0
7525,1,60,9,0,44,0,0,0,0,0,0,0,0,0,0,0,0,0,0,0,0,1,1,0.0,0.0,0.0,0.0,1.0,0.0,0.0,255,195,0.76,0.03,0.0,0.0,0.33,0.44,0.12,0.07
4,1,47,9,32,93,0,0,0,0,0,1,0,0,0,0,0,0,0,0,0,0,1,1,0.0,0.0,0.0,0.0,1.0,0.0,0.0,255,241,0.95,0.02,0.0,0.0,0.0,0.0,0.02,0.0
0,1,49,5,0,0,0,0,0,0,0,0,0,0,0,0,0,0,0,0,0,0,33,2,1.0,1.0,0.0,0.0,0.06,0.21,0.0,255,2,0.01,0.17,0.0,0.0,1.0,1.0,0.0,0.0
0,1,24,9,286,2178,0,0,0,0,0,1,0,0,0,0,0,0,0,0,0,0,4,4,0.0,0.0,0.0,0.0,1.0,0.0,0.0,168,255,1.0,0.0,0.01,0.04,0.0,0.0,0.0,0.0
0,1,24,9,227,286,0,0,0,0,0,1,0,0,0,0,0,0,0,0,0,0,1,15,0.0,0.0,0.0,0.0,1.0,0.0,0.33,222,255,1.0,0.0,0.0,0.02,0.0,0.0,0.0,0.0
0,0,15,9,1032,0,0,0,0,0,0,0,0,0,0,0,0,0,0,0,0,0,511,511,0.0,0.0,0.0,0.0,1.0,0.0,0.0,255,17,0.07,0.01,0.07,0.0,0.0,0.0,0.0,0.0
0,2,12,9,42,42,0,0,0,0,0,0,0,0,0,0,0,0,0,0,0,0,5,13,0.0,0.0,0.0,0.0,1.0,0.0,0.23,255,255,1.0,0.0,0.01,0.0,0.0,0.0,0.0,0.0
0,1,49,1,0,0,0,0,0,0,0,0,0,0,0,0,0,0,0,0,0,0,126,9,0.0,0.0,1.0,1.0,0.07,0.06,0.0,255,9,0.04,0.05,0.0,0.0,0.0,0.0,1.0,1.0
0,1,24,9,196,1352,0,0,0,0,0,1,0,0,0,0,0,0,0,0,0,0,23,34,0.0,0.0,0.0,0.0,1.0,0.0,0.09,255,255,1.0,0.0,0.0,0.0,0.0,0.0,0.0,0.0
7410,1,60,9,0,44,0,0,0,0,0,0,0,0,0,0,0,0,0,0,0,0,1,1,0.0,0.0,0.0,0.0,1.0,0.0,0.0,255,204,0.8,0.2,0.0,0.0,0.5,0.62,0.19,0.01
0,1,49,5,0,0,0,0,0,0,0,0,0,0,0,0,0,0,0,0,0,0,210,2,1.0,1.0,0.0,0.0,0.01,0.07,0.0,255,2,0.01,0.07,0.0,0.0,1.0,1.0,0.0,0.0
0,1,24,9,211,3926,0,0,0,0,0,1,0,0,0,0,0,0,0,0,0,0,11,12,0.0,0.0,0.0,0.0,1.0,0.0,0.17,75,255,1.0,0.0,0.01,0.01,0.0,0.0,0.0,0.0
0,1,49,1,0,0,0,0,0,0,0,0,0,0,0,0,0,0,0,0,0,0,272,11,0.0,0.0,1.0,1.0,0.04,0.07,0.0,255,11,0.04,0.06,0.0,0.0,0.0,0.0,1.0,1.0
0,1,24,9,347,3376,0,0,0,0,0,1,0,0,0,0,0,0,0,0,0,0,1,1,0.0,0.0,0.0,0.0,1.0,0.0,0.0,207,255,1.0,0.0,0.0,0.02,0.0,0.0,0.0,0.0
0,1,60,8,0,44,0,0,0,0,0,0,0,0,0,0,0,0,0,0,0,0,1,1,1.0,1.0,0.0,0.0,1.0,0.0,0.0,255,72,0.28,0.64,0.0,0.0,0.18,0.65,0.62,0.0
0,2,12,9,45,45,0,0,0,0,0,0,0,0,0,0,0,0,0,0,0,0,78,142,0.0,0.0,0.0,0.0,1.0,0.0,0.01,243,213,0.88,0.01,0.01,0.0,0.0,0.0,0.0,0.0
0,2,12,9,44,135,0,0,0,0,0,0,0,0,0,0,0,0,0,0,0,0,155,235,0.0,0.0,0.0,0.0,1.0,0.0,0.01,255,255,1.0,0.0,0.0,0.0,0.0,0.0,0.0,0.0
0,1,49,1,0,0,0,0,0,0,0,0,0,0,0,0,0,0,0,0,0,0,94,5,0.0,0.0,1.0,1.0,0.05,0.06,0.0,255,5,0.02,0.06,0.0,0.0,0.0,0.0,1.0,1.0
0,1,49,1,0,0,0,0,0,0,0,0,0,0,0,0,0,0,0,0,0,0,212,2,0.0,0.0,1.0,1.0,0.01,0.08,0.0,255,2,0.01,0.08,0.0,0.0,0.0,0.0,1.0,1.0
0,1,44,1,0,0,0,0,0,0,0,0,0,0,0,0,0,0,0,0,0,0,511,1,0.08,0.0,0.91,1.0,0.0,1.0,0.0,255,1,0.0,1.0,0.0,0.0,0.12,0.0,0.88,1.0
0,1,39,1,0,0,0,0,0,0,0,0,0,0,0,0,0,0,0,0,0,0,238,18,0.0,0.0,1.0,1.0,0.08,0.07,0.0,255,18,0.07,0.07,0.0,0.0,0.0,0.0,1.0,1.0
0,1,24,9,54540,8314,0,0,0,2,0,1,1,0,0,0,0,0,0,0,0,0,4,4,0.0,0.0,0.0,0.0,1.0,0.0,0.0,255,247,0.97,0.01,0.0,0.0,0.0,0.0,0.06,0.06
0,1,44,5,0,0,0,0,0,0,0,0,0,0,0,0,0,0,0,0,0,0,491,1,0.08,1.0,0.92,0.0,0.0,1.0,0.0,255,1,0.0,1.0,0.0,0.0,0.07,1.0,0.93,0.0
0,1,24,9,296,16530,0,0,0,0,0,1,0,0,0,0,0,0,0,0,0,0,20,20,0.0,0.0,0.0,0.0,1.0,0.0,0.0,48,255,1.0,0.0,0.02,0.02,0.0,0.0,0.0,0.0
0,1,24,9,165,2631,0,0,0,0,0,1,0,0,0,0,0,0,0,0,0,0,8,9,0.0,0.0,0.0,0.0,1.0,0.0,0.22,29,255,1.0,0.0,0.03,0.02,0.0,0.0,0.0,0.0
2069,1,24,4,79864,0,0,0,0,0,0,1,0,0,0,0,0,0,0,0,0,0,13,13,0.0,0.0,1.0,1.0,1.0,0.0,0.0,255,230,0.9,0.02,0.0,0.0,0.0,0.0,0.05,0.06
0,1,24,9,299,244,0,0,0,0,0,1,0,0,0,0,0,0,0,0,0,0,7,14,0.0,0.0,0.0,0.0,1.0,0.0,0.21,17,251,1.0,0.0,0.06,0.04,0.0,0.0,0.0,0.0
0,1,54,9,1037,388,0,0,0,0,0,1,0,0,0,0,0,0,0,0,0,0,1,2,0.0,0.0,0.0,0.0,1.0,0.0,1.0,136,92,0.4,0.04,0.01,0.02,0.0,0.0,0.0,0.0
0,1,38,1,0,0,0,0,0,0,0,0,0,0,0,0,0,0,0,0,0,0,213,6,0.0,0.0,1.0,1.0,0.03,0.08,0.0,255,6,0.02,0.08,0.0,0.0,0.0,0.0,1.0,1.0
0,1,24,9,205,310,0,0,0,0,0,1,0,0,0,0,0,0,0,0,0,0,8,9,0.0,0.0,0.0,0.0,1.0,0.0,0.22,54,255,1.0,0.0,0.02,0.02,0.0,0.0,0.0,0.0
287,1,19,9,160,597,0,0,0,2,0,1,0,0,0,0,0,0,0,0,0,1,1,1,0.0,0.0,0.0,0.0,1.0,0.0,0.0,18,7,0.39,0.17,0.06,0.0,0.0,0.0,0.0,0.0
0,1,54,9,1176,330,0,0,0,0,0,1,0,0,0,0,0,0,0,0,0,0,1,1,0.0,0.0,0.0,0.0,1.0,0.0,0.0,14,42,0.79,0.29,0.07,0.05,0.0,0.0,0.0,0.0
0,1,47,9,30,217,0,0,0,0,0,1,0,0,0,0,0,0,0,0,0,0,1,1,0.0,0.0,0.0,0.0,1.0,0.0,0.0,255,3,0.01,0.02,0.0,0.0,0.0,0.0,0.0,0.0
0,1,24,9,307,2139,0,0,0,0,0,1,0,0,0,0,0,0,0,0,0,0,11,28,0.0,0.0,0.0,0.0,1.0,0.0,0.07,69,255,1.0,0.0,0.01,0.02,0.0,0.0,0.0,0.0
0,1,49,1,0,0,0,0,0,0,0,0,0,0,0,0,0,0,0,0,0,0,137,14,0.0,0.0,1.0,1.0,0.1,0.07,0.0,255,14,0.05,0.06,0.0,0.0,0.0,0.0,1.0,1.0
0,1,49,1,0,0,0,0,0,0,0,0,0,0,0,0,0,0,0,0,0,0,509,1,0.0,0.0,1.0,1.0,0.0,0.97,0.0,255,1,0.0,0.95,0.0,0.0,0.0,0.0,1.0,1.0
0,0,15,9,1032,0,0,0,0,0,0,0,0,0,0,0,0,0,0,0,0,0,466,466,0.0,0.0,0.0,0.0,1.0,0.0,0.0,255,255,1.0,0.0,1.0,0.0,0.0,0.0,0.0,0.0
0,0,15,9,1032,0,0,0,0,0,0,0,0,0,0,0,0,0,0,0,0,0,510,510,0.0,0.0,0.0,0.0,1.0,0.0,0.0,121,104,0.86,0.02,0.86,0.0,0.0,0.0,0.01,0.0
0,1,24,9,234,15117,0,0,0,0,0,1,0,0,0,0,0,0,0,0,0,0,1,1,0.0,0.0,0.0,0.0,1.0,0.0,0.0,255,255,1.0,0.0,0.0,0.0,0.0,0.0,0.0,0.0
0,1,18,2,0,0,0,0,0,0,0,0,0,0,0,0,0,0,0,0,0,0,277,5,0.0,0.0,1.0,1.0,0.02,0.06,0.0,255,5,0.02,0.06,0.0,0.0,0.0,0.0,1.0,1.0
0,1,24,9,203,4259,0,0,0,0,0,1,0,0,0,0,0,0,0,0,0,0,21,21,0.0,0.0,0.0,0.0,1.0,0.0,0.0,255,255,1.0,0.0,0.0,0.0,0.0,0.0,0.0,0.0
0,1,24,9,235,337,0,0,0,0,0,1,0,0,0,0,0,0,0,0,0,0,20,20,0.0,0.0,0.0,0.0,1.0,0.0,0.0,255,255,1.0,0.0,0.0,0.0,0.0,0.0,0.0,0.0
0,1,24,5,0,0,0,0,0,0,0,0,0,0,0,0,0,0,0,0,0,0,71,71,1.0,1.0,0.0,0.0,1.0,0.0,0.0,255,255,1.0,0.0,0.0,0.0,0.35,0.35,0.64,0.64
4,1,47,9,28,93,0,0,0,0,0,1,0,0,0,0,0,0,0,0,0,0,1,1,0.0,0.0,0.0,0.0,1.0,0.0,0.0,255,230,0.9,0.02,0.0,0.0,0.0,0.0,0.06,0.0
0,1,49,1,0,0,0,0,0,0,0,0,0,0,0,0,0,0,0,0,0,0,251,8,0.0,0.0,1.0,1.0,0.03,0.06,0.0,255,8,0.03,0.07,0.0,0.0,0.0,0.0,1.0,1.0
3,1,60,2,0,15,0,0,0,0,0,0,0,0,0,0,0,0,0,0,0,0,1,10,0.0,0.1,1.0,0.5,1.0,0.0,0.6,255,21,0.08,0.03,0.0,0.0,0.0,0.0,0.21,0.81
0,0,15,9,20,0,0,0,0,0,0,0,0,0,0,0,0,0,0,0,0,0,1,1,0.0,0.0,0.0,0.0,1.0,0.0,0.0,69,3,0.04,0.1,0.04,0.0,0.0,0.0,0.0,0.0
0,1,19,9,26,157,0,0,0,0,1,0,0,0,0,0,0,0,0,0,0,1,1,1,0.0,0.0,0.0,0.0,1.0,0.0,0.0,230,116,0.5,0.03,0.0,0.0,0.0,0.0,0.0,0.0
0,1,24,9,54540,8314,0,0,0,2,0,1,1,0,0,0,0,0,0,0,0,0,5,25,0.0,0.0,0.0,0.0,1.0,0.0,0.16,255,248,0.97,0.01,0.0,0.0,0.0,0.0,0.06,0.06
0,1,20,9,12,0,0,0,0,0,0,0,0,0,0,0,0,0,0,0,0,0,1,1,0.0,0.0,0.0,0.0,1.0,0.0,0.0,13,13,1.0,0.0,1.0,0.0,0.0,0.0,0.0,0.0
0,1,49,5,0,0,0,0,0,0,0,0,0,0,0,0,0,0,0,0,0,0,220,8,1.0,1.0,0.0,0.0,0.04,0.08,0.0,255,8,0.03,0.09,0.0,0.0,1.0,1.0,0.0,0.0
0,1,49,1,0,0,0,0,0,0,0,0,0,0,0,0,0,0,0,0,0,0,218,5,0.0,0.0,1.0,1.0,0.02,0.07,0.0,255,5,0.02,0.08,0.0,0.0,0.0,0.0,1.0,1.0
0,1,60,5,0,0,0,0,0,0,0,0,0,0,0,0,0,0,0,0,0,0,101,101,1.0,1.0,0.0,0.0,1.0,0.0,0.0,255,255,1.0,0.0,0.0,0.0,1.0,1.0,0.0,0.0
0,2,12,9,44,69,0,0,0,0,0,0,0,0,0,0,0,0,0,0,0,0,136,136,0.0,0.0,0.0,0.0,1.0,0.0,0.0,255,255,1.0,0.0,0.01,0.0,0.0,0.0,0.0,0.0
280,1,20,9,283618,0,0,0,0,0,0,0,0,0,0,0,0,0,0,0,0,0,1,1,0.0,0.0,0.0,0.0,1.0,0.0,0.0,3,21,1.0,0.0,1.0,0.14,0.0,0.0,0.0,0.0
0,2,12,9,42,42,0,0,0,0,0,0,0,0,0,0,0,0,0,0,0,0,4,5,0.0,0.0,0.0,0.0,1.0,0.0,0.4,255,252,0.99,0.01,0.0,0.0,0.0,0.0,0.0,0.0
0,0,15,9,1032,0,0,0,0,0,0,0,0,0,0,0,0,0,0,0,0,0,143,143,0.0,0.0,0.0,0.0,1.0,0.0,0.0,255,254,1.0,0.01,1.0,0.0,0.0,0.0,0.0,0.0
49,1,19,9,158,504,0,0,0,2,0,1,0,0,0,0,0,0,0,0,0,0,1,1,0.0,0.0,0.0,0.0,1.0,0.0,0.0,199,2,0.01,0.04,0.01,0.0,0.0,0.0,0.0,0.0
1,1,54,9,1684,283,0,0,0,0,0,1,0,0,0,0,0,0,0,0,0,0,1,5,0.0,0.0,0.0,0.0,1.0,0.0,1.0,255,4,0.02,0.02,0.0,0.0,0.0,0.0,0.04,0.0
0,1,49,5,0,0,0,0,0,0,0,0,0,0,0,0,0,0,0,0,0,0,221,7,1.0,1.0,0.0,0.0,0.03,0.06,0.0,255,7,0.03,0.07,0.0,0.0,1.0,1.0,0.0,0.0
0,2,12,9,42,42,0,0,0,0,0,0,0,0,0,0,0,0,0,0,0,0,3,5,0.0,0.0,0.0,0.0,1.0,0.0,0.4,255,255,1.0,0.0,0.0,0.0,0.0,0.0,0.0,0.0
0,1,24,9,54540,8314,0,0,0,2,0,1,1,0,0,0,0,0,0,0,0,0,3,3,0.0,0.0,0.0,0.0,1.0,0.0,0.0,255,254,1.0,0.01,0.0,0.0,0.0,0.0,0.07,0.07
0,1,66,2,0,0,0,0,0,0,0,0,0,0,0,0,0,0,0,0,0,0,135,12,0.0,0.0,1.0,1.0,0.09,0.07,0.0,255,12,0.05,0.06,0.0,0.0,0.0,0.0,1.0,1.0
0,1,49,1,0,0,0,0,0,0,0,0,0,0,0,0,0,0,0,0,0,0,293,20,0.63,0.0,0.37,1.0,0.07,0.05,0.0,255,20,0.08,0.06,0.0,0.0,0.59,0.0,0.41,1.0
0,2,12,9,40,40,0,0,0,0,0,0,0,0,0,0,0,0,0,0,0,0,3,4,0.0,0.0,0.0,0.0,1.0,0.0,0.5,255,245,0.96,0.01,0.01,0.0,0.0,0.0,0.0,0.0
0,1,60,8,0,44,0,0,0,0,0,0,0,0,0,0,0,0,0,0,0,0,1,1,1.0,1.0,0.0,0.0,1.0,0.0,0.0,255,77,0.3,0.62,0.0,0.0,0.2,0.68,0.6,0.0
0,1,60,9,125,174,0,0,0,0,1,0,0,0,0,0,0,0,0,0,0,0,1,1,0.0,0.0,0.0,0.0,1.0,0.0,0.0,255,232,0.91,0.02,0.0,0.0,0.0,0.0,0.02,0.03
8052,1,60,8,1,15,0,0,0,0,0,0,0,0,0,0,0,0,0,0,0,0,1,1,1.0,1.0,0.0,0.0,1.0,0.0,0.0,255,46,0.18,0.73,0.0,0.0,0.08,0.46,0.71,0.0
0,1,49,1,0,0,0,0,0,0,0,0,0,0,0,0,0,0,0,0,0,0,159,7,0.0,0.0,1.0,1.0,0.04,0.06,0.0,255,7,0.03,0.06,0.0,0.0,0.0,0.0,1.0,1.0
0,1,24,9,281,759,0,0,0,0,0,1,0,0,0,0,0,0,0,0,0,0,1,6,0.0,0.0,0.0,0.0,1.0,0.0,0.33,156,255,1.0,0.0,0.01,0.01,0.0,0.0,0.0,0.0
0,1,47,1,0,0,0,0,0,0,0,0,0,0,0,0,0,0,0,0,0,0,1,21,0.0,0.0,1.0,1.0,1.0,0.0,1.0,35,61,0.29,0.14,0.03,0.03,0.03,0.02,0.86,0.97
794,1,24,4,1024,0,0,0,0,0,0,1,0,0,0,0,0,0,0,0,0,0,81,81,0.02,0.02,0.98,0.98,1.0,0.0,0.0,255,253,0.99,0.01,0.0,0.0,0.01,0.01,0.44,0.44
60,1,60,8,120,188,0,0,0,0,1,0,0,0,0,0,0,0,0,0,0,0,1,1,1.0,1.0,0.0,0.0,1.0,0.0,0.0,255,254,1.0,0.01,0.0,0.0,0.02,0.02,0.02,0.02
0,1,49,1,0,0,0,0,0,0,0,0,0,0,0,0,0,0,0,0,0,0,128,9,0.0,0.0,1.0,1.0,0.07,0.07,0.0,255,9,0.04,0.06,0.0,0.0,0.0,0.0,1.0,1.0
0,1,24,9,319,314,0,0,0,0,0,1,0,0,0,0,0,0,0,0,0,0,41,42,0.0,0.0,0.0,0.0,1.0,0.0,0.05,255,255,1.0,0.0,0.0,0.0,0.0,0.0,0.0,0.0
0,1,24,9,209,1942,0,0,0,0,0,1,0,0,0,0,0,0,0,0,0,0,18,18,0.0,0.0,0.0,0.0,1.0,0.0,0.0,255,255,1.0,0.0,0.0,0.0,0.0,0.0,0.0,0.0
0,1,49,1,0,0,0,0,0,0,0,0,0,0,0,0,0,0,0,0,0,0,237,19,0.0,0.0,1.0,1.0,0.08,0.06,0.0,255,19,0.07,0.06,0.0,0.0,0.0,0.0,1.0,1.0
0,1,28,2,0,44,0,0,0,0,0,0,0,0,0,0,0,0,0,0,0,0,3,1,0.0,0.0,0.67,1.0,0.33,1.0,0.0,255,21,0.08,0.02,0.0,0.0,0.0,0.0,0.32,0.95
0,1,24,9,267,18979,0,0,0,0,0,1,0,0,0,0,0,0,0,0,0,0,4,4,0.0,0.0,0.0,0.0,1.0,0.0,0.0,4,245,1.0,0.0,0.25,0.04,0.0,0.0,0.0,0.0
0,1,60,1,0,0,0,0,0,0,0,0,0,0,0,0,0,0,0,0,0,0,1,17,0.0,0.12,1.0,0.71,1.0,0.0,0.94,23,93,0.35,0.22,0.04,0.02,0.0,0.0,0.78,0.59
0,2,12,9,44,44,0,0,0,0,0,0,0,0,0,0,0,0,0,0,0,0,230,230,0.0,0.0,0.0,0.0,1.0,0.0,0.0,255,255,1.0,0.0,0.0,0.0,0.0,0.0,0.0,0.0
0,1,41,1,0,0,0,0,0,0,0,0,0,0,0,0,0,0,0,0,0,0,101,18,0.0,0.0,1.0,1.0,0.18,0.07,0.0,255,18,0.07,0.05,0.0,0.0,0.0,0.0,1.0,1.0
0,1,20,9,12,0,0,0,0,0,0,0,0,0,0,0,0,0,0,0,0,0,1,1,0.0,0.0,0.0,0.0,1.0,0.0,0.0,114,50,0.04,0.05,0.04,0.04,0.01,0.0,0.01,0.0
0,1,47,9,0,0,0,0,0,0,0,0,0,0,0,0,0,0,0,0,0,0,3,2,0.0,0.0,0.67,0.5,0.33,1.0,1.0,255,1,0.0,0.8,0.0,0.0,0.0,0.0,0.02,0.0
0,1,45,9,44,192,0,0,0,0,0,0,0,0,0,0,0,0,0,0,0,0,5,1,0.0,0.0,0.6,0.0,0.2,0.8,0.0,255,9,0.04,0.02,0.0,0.0,0.0,0.0,0.11,0.0
0,1,68,1,0,0,0,0,0,0,0,0,0,0,0,0,0,0,0,0,0,0,226,10,0.0,0.0,1.0,1.0,0.04,0.07,0.0,255,10,0.04,0.07,0.0,0.0,0.0,0.0,1.0,1.0
0,1,19,9,26,157,0,0,0,0,1,0,0,0,0,0,0,0,0,0,0,1,1,1,0.0,0.0,0.0,0.0,1.0,0.0,0.0,233,118,0.51,0.03,0.0,0.0,0.0,0.0,0.0,0.0
3,1,28,2,0,44,0,0,0,0,0,0,0,0,0,0,0,0,0,0,0,0,2,6,0.0,0.0,1.0,1.0,0.5,1.0,1.0,106,59,0.27,0.05,0.01,0.03,0.0,0.0,0.96,0.49
0,1,24,9,241,5381,0,0,0,0,0,1,0,0,0,0,0,0,0,0,0,0,4,4,0.0,0.0,0.0,0.0,1.0,0.0,0.0,255,255,1.0,0.0,0.0,0.0,0.0,0.0,0.0,0.0
0,1,19,9,26,157,0,0,0,0,1,0,0,0,0,0,0,0,0,0,0,1,1,1,0.0,0.0,0.0,0.0,1.0,0.0,0.0,124,57,0.46,0.03,0.01,0.0,0.0,0.0,0.0,0.0
795,1,24,4,62344,1,0,0,0,0,0,1,0,0,0,0,0,0,0,0,0,0,34,34,0.0,0.0,1.0,1.0,1.0,0.0,0.0,255,253,0.99,0.01,0.0,0.0,0.01,0.01,0.53,0.53
0,1,47,5,0,0,0,0,0,0,0,0,0,0,0,0,0,0,0,0,0,0,1,3,1.0,1.0,0.0,0.0,1.0,0.0,1.0,48,64,0.33,0.06,0.02,0.03,1.0,0.25,0.0,0.75
0,1,24,9,54540,8314,0,0,0,2,0,1,1,0,0,0,0,0,0,0,0,0,4,28,0.0,0.0,0.0,0.0,1.0,0.0,0.07,255,255,1.0,0.0,0.0,0.0,0.0,0.0,0.05,0.05
0,1,24,9,319,3695,0,0,0,0,0,1,0,0,0,0,0,0,0,0,0,0,7,16,0.0,0.0,0.0,0.0,1.0,0.0,0.25,255,255,1.0,0.0,0.0,0.0,0.01,0.01,0.0,0.0
0,1,24,5,0,0,0,0,0,0,0,0,0,0,0,0,0,0,0,0,0,0,130,130,1.0,1.0,0.0,0.0,1.0,0.0,0.0,255,255,1.0,0.0,0.0,0.0,0.73,0.73,0.24,0.24
0,1,24,9,305,7667,0,0,0,0,0,1,0,0,0,0,0,0,0,0,0,0,13,13,0.0,0.0,0.0,0.0,1.0,0.0,0.0,78,134,1.0,0.0,0.01,0.02,0.0,0.0,0.0,0.0
796,1,24,4,62344,0,0,0,0,0,0,1,0,0,0,0,0,0,0,0,0,0,64,64,0.03,0.03,0.97,0.97,1.0,0.0,0.0,255,253,0.99,0.01,0.0,0.0,0.01,0.01,0.31,0.32
0,1,20,9,12,0,0,0,0,0,0,0,0,0,0,0,0,0,0,0,0,0,1,1,0.0,0.0,0.0,0.0,1.0,0.0,0.0,5,15,1.0,0.0,1.0,0.2,0.0,0.0,0.0,0.0
0,1,24,9,209,2038,0,0,0,0,0,1,0,0,0,0,0,0,0,0,0,0,3,8,0.0,0.0,0.0,0.0,1.0,0.0,0.62,255,255,1.0,0.0,0.0,0.0,0.0,0.0,0.0,0.0
0,1,67,1,0,0,0,0,0,0,0,0,0,0,0,0,0,0,0,0,0,0,220,16,0.0,0.0,1.0,1.0,0.07,0.07,0.0,255,16,0.06,0.07,0.0,0.0,0.0,0.0,1.0,1.0
0,1,69,1,0,0,0,0,0,0,0,0,0,0,0,0,0,0,0,0,0,0,214,11,0.0,0.0,1.0,1.0,0.05,0.07,0.0,255,11,0.04,0.08,0.0,0.0,0.0,0.0,1.0,1.0
0,2,49,9,1,1,0,0,0,0,0,0,0,0,0,0,0,0,0,0,0,0,42,1,0.0,0.0,0.0,0.0,0.02,0.81,0.0,255,1,0.0,0.53,0.87,0.0,0.0,0.0,0.13,0.0
0,1,49,1,0,0,0,0,0,0,0,0,0,0,0,0,0,0,0,0,0,0,102,16,0.0,0.0,1.0,1.0,0.16,0.06,0.0,4,4,1.0,0.0,0.25,0.0,0.0,0.0,1.0,1.0
0,2,49,9,105,105,0,0,0,0,0,0,0,0,0,0,0,0,0,0,0,0,1,1,0.0,0.0,0.0,0.0,1.0,0.0,0.0,255,253,0.99,0.01,0.0,0.0,0.0,0.0,0.0,0.0
0,1,49,4,0,0,0,0,0,0,0,0,0,0,0,0,0,0,0,0,0,0,1,1,0.0,0.0,1.0,1.0,1.0,0.0,0.0,255,1,0.0,0.53,0.52,0.0,0.05,0.0,0.52,1.0
0,1,24,1,0,0,0,0,0,0,0,0,0,0,0,0,0,0,0,0,0,0,6,4,0.0,0.0,1.0,1.0,0.67,0.33,0.0,255,55,0.22,0.11,0.0,0.0,0.0,0.0,0.99,1.0
0,1,44,1,0,0,0,0,0,0,0,0,0,0,0,0,0,0,0,0,0,0,487,1,0.03,0.0,0.97,1.0,0.0,1.0,0.0,255,1,0.0,1.0,0.0,0.0,0.02,0.0,0.98,1.0
0,2,12,9,46,46,0,0,0,0,0,0,0,0,0,0,0,0,0,0,0,0,112,170,0.0,0.0,0.0,0.0,1.0,0.0,0.01,255,214,0.84,0.01,0.01,0.0,0.0,0.0,0.0,0.0
5,1,47,9,28,93,0,0,0,0,0,1,0,0,0,0,0,0,0,0,0,0,1,1,0.0,0.0,0.0,0.0,1.0,0.0,0.0,255,247,0.97,0.01,0.0,0.0,0.0,0.0,0.02,0.0
0,1,44,5,0,0,0,0,0,0,0,0,0,0,0,0,0,0,0,0,0,0,414,1,0.15,1.0,0.83,0.0,0.0,1.0,0.0,255,1,0.0,0.95,0.0,0.0,0.11,1.0,0.88,0.0
0,1,20,9,501760,0,0,0,0,0,0,0,0,0,0,0,0,0,0,0,0,0,2,2,0.0,0.0,0.0,0.0,1.0,0.0,0.0,158,36,0.2,0.03,0.2,0.06,0.0,0.0,0.0,0.0
0,2,49,9,105,105,0,0,0,0,0,0,0,0,0,0,0,0,0,0,0,0,3,3,0.0,0.0,0.0,0.0,1.0,0.0,0.0,190,189,0.99,0.01,0.01,0.0,0.0,0.0,0.0,0.0
0,2,49,9,1,0,0,0,0,0,0,0,0,0,0,0,0,0,0,0,0,0,510,9,0.0,0.0,0.0,0.0,0.02,0.98,0.0,255,9,0.04,0.97,1.0,0.0,0.0,0.0,0.0,0.0
0,1,20,1,0,0,0,0,0,0,0,0,0,0,0,0,0,0,0,0,0,0,28,2,0.0,0.0,1.0,1.0,0.07,0.14,0.0,255,54,0.21,0.11,0.02,0.0,0.0,0.0,0.99,1.0
0,1,24,5,0,0,0,0,0,0,0,0,0,0,0,0,0,0,0,0,0,0,51,51,0.02,0.02,0.98,0.98,1.0,0.0,0.0,255,253,0.99,0.01,0.0,0.0,0.0,0.0,0.27,0.27
0,1,47,1,0,0,0,0,0,0,0,0,0,0,0,0,0,0,0,0,0,0,3,1,0.0,0.0,0.67,1.0,0.33,1.0,0.0,255,64,0.25,0.01,0.0,0.0,0.0,0.0,0.65,1.0
0,1,49,1,0,0,0,0,0,0,0,0,0,0,0,0,0,0,0,0,0,0,180,1,0.0,0.0,1.0,1.0,0.01,0.08,0.0,255,1,0.0,0.07,0.0,0.0,0.0,0.0,1.0,1.0
0,0,14,9,20,0,0,0,0,0,0,0,0,0,0,0,0,0,0,0,0,0,1,51,0.0,0.0,0.0,0.0,1.0,0.0,1.0,2,82,1.0,0.0,1.0,0.26,0.0,0.0,0.0,0.0
0,1,60,9,121,174,0,0,0,0,1,0,0,0,0,0,0,0,0,0,0,0,1,1,0.0,0.0,0.0,0.0,1.0,0.0,0.0,255,120,0.47,0.02,0.0,0.0,0.0,0.0,0.01,0.03
0,2,12,9,45,72,0,0,0,0,0,0,0,0,0,0,0,0,0,0,0,0,238,236,0.0,0.0,0.0,0.0,0.99,0.01,0.0,255,254,1.0,0.01,0.0,0.0,0.0,0.0,0.0,0.0
0,1,44,5,0,0,0,0,0,0,0,0,0,0,0,0,0,0,0,0,0,0,351,1,0.15,1.0,0.82,0.0,0.0,1.0,0.0,255,1,0.0,0.97,0.0,0.0,0.16,1.0,0.81,0.0
0,1,32,5,0,0,0,0,0,0,0,0,0,0,0,0,0,0,0,0,0,0,148,11,1.0,1.0,0.0,0.0,0.07,0.05,0.0,255,11,0.04,0.05,0.0,0.0,1.0,1.0,0.0,0.0
0,1,41,1,0,0,0,0,0,0,0,0,0,0,0,0,0,0,0,0,0,0,118,3,0.0,0.0,1.0,1.0,0.03,0.07,0.0,255,3,0.01,0.06,0.0,0.0,0.0,0.0,1.0,1.0
138,1,24,9,339,284,0,0,0,0,0,1,0,0,0,0,0,0,0,0,0,0,1,1,0.0,0.0,0.0,0.0,1.0,0.0,0.0,255,230,0.9,0.01,0.0,0.0,0.0,0.0,0.03,0.0
0,1,24,9,328,2827,0,0,0,0,0,1,0,0,0,0,0,0,0,0,0,0,4,5,0.0,0.0,0.0,0.0,1.0,0.0,0.4,4,255,1.0,0.0,0.25,0.05,0.0,0.0,0.0,0.0
0,1,49,5,0,0,0,0,0,0,0,0,0,0,0,0,0,0,0,0,0,0,188,13,1.0,1.0,0.0,0.0,0.07,0.08,0.0,255,13,0.05,0.08,0.0,0.0,1.0,1.0,0.0,0.0
0,1,24,9,296,667,0,0,0,0,0,1,0,0,0,0,0,0,0,0,0,0,11,16,0.0,0.0,0.0,0.0,1.0,0.0,0.12,102,255,1.0,0.0,0.01,0.02,0.0,0.0,0.0,0.0
0,1,24,9,315,976,0,0,0,0,0,1,0,0,0,0,0,0,0,0,0,0,2,3,0.0,0.0,0.0,0.0,1.0,0.0,0.67,185,251,1.0,0.0,0.01,0.02,0.0,0.0,0.0,0.0
0,1,60,9,124,174,0,0,0,0,1,0,0,0,0,0,0,0,0,0,0,0,1,1,0.0,0.0,0.0,0.0,1.0,0.0,0.0,255,105,0.41,0.02,0.0,0.0,0.0,0.0,0.01,0.03
0,2,49,9,1,1,0,0,0,0,0,0,0,0,0,0,0,0,0,0,0,0,123,1,0.0,0.0,0.0,0.0,0.01,0.64,0.0,255,1,0.0,0.86,1.0,0.0,0.0,0.0,0.0,0.0
72,1,60,9,2783,15142,0,0,0,10,0,1,2,1,0,0,0,0,0,0,0,0,1,1,0.0,0.0,0.0,0.0,1.0,0.0,0.0,255,56,0.22,0.15,0.0,0.0,0.0,0.0,0.98,0.98
0,2,12,9,42,73,0,0,0,0,0,0,0,0,0,0,0,0,0,0,0,0,202,202,0.0,0.0,0.0,0.0,1.0,0.0,0.0,255,255,1.0,0.0,0.01,0.0,0.0,0.0,0.0,0.0
0,1,49,1,0,0,0,0,0,0,0,0,0,0,0,0,0,0,0,0,0,0,144,8,0.0,0.0,1.0,1.0,0.06,0.06,0.0,255,8,0.03,0.06,0.0,0.0,0.02,0.0,0.98,1.0
0,1,49,5,0,0,0,0,0,0,0,0,0,0,0,0,0,0,0,0,0,0,168,3,1.0,1.0,0.0,0.0,0.02,0.09,0.0,255,3,0.01,0.09,0.0,0.0,1.0,1.0,0.0,0.0
0,1,68,1,0,0,0,0,0,0,0,0,0,0,0,0,0,0,0,0,0,0,249,18,0.0,0.0,1.0,1.0,0.07,0.06,0.0,255,18,0.07,0.06,0.0,0.0,0.0,0.0,1.0,1.0
0,1,49,1,0,0,0,0,0,0,0,0,0,0,0,0,0,0,0,0,0,0,139,15,0.0,0.0,1.0,1.0,0.11,0.06,0.0,255,15,0.06,0.06,0.0,0.0,0.0,0.0,1.0,1.0
0,1,24,9,196,24572,0,0,0,0,0,1,0,0,0,0,0,0,0,0,0,0,3,4,0.0,0.0,0.0,0.0,1.0,0.0,0.5,255,255,1.0,0.0,0.0,0.0,0.0,0.0,0.0,0.0
0,1,24,9,315,1528,0,0,0,0,0,1,0,0,0,0,0,0,0,0,0,0,4,4,0.0,0.0,0.0,0.0,1.0,0.0,0.0,255,255,1.0,0.0,0.0,0.0,0.0,0.0,0.0,0.0
0,1,24,5,0,0,0,0,0,0,0,0,0,0,0,0,0,0,0,0,0,0,120,120,1.0,1.0,0.0,0.0,1.0,0.0,0.0,255,255,1.0,0.0,0.0,0.0,0.69,0.69,0.28,0.28
0,1,49,1,0,0,0,0,0,0,0,0,0,0,0,0,0,0,0,0,0,0,231,4,0.0,0.0,1.0,1.0,0.02,0.07,0.0,255,4,0.02,0.07,0.0,0.0,0.0,0.0,1.0,1.0
813,1,24,4,61504,0,0,0,0,0,0,1,0,0,0,0,0,0,0,0,0,0,21,21,0.0,0.0,1.0,1.0,1.0,0.0,0.0,255,254,1.0,0.01,0.0,0.0,0.01,0.01,0.57,0.57
0,0,15,9,30,0,0,0,0,0,0,0,0,0,0,0,0,0,0,0,0,0,1,1,0.0,0.0,0.0,0.0,1.0,0.0,0.0,123,123,1.0,0.0,1.0,0.0,0.0,0.0,0.0,0.0
1,1,47,2,0,36,0,0,0,0,0,1,0,0,0,0,0,0,0,0,0,0,3,3,0.0,0.0,1.0,1.0,0.33,1.0,1.0,220,59,0.23,0.02,0.0,0.03,0.01,0.02,0.87,0.97
0,1,24,9,161,866,0,0,0,0,0,1,0,0,0,0,0,0,0,0,0,0,1,39,0.0,0.0,0.0,0.0,1.0,0.0,0.08,2,255,1.0,0.0,0.5,0.07,0.0,0.0,0.0,0.0
0,1,20,9,383,0,0,0,0,0,0,0,0,0,0,0,0,0,0,0,0,0,1,1,0.0,0.0,0.0,0.0,1.0,0.0,0.0,24,21,0.12,0.17,0.12,0.14,0.0,0.0,0.0,0.0
0,1,20,1,0,0,0,0,0,0,0,0,0,0,0,0,0,0,0,0,0,0,217,12,0.01,0.0,0.99,0.67,0.04,0.07,0.17,255,8,0.03,0.08,0.0,0.0,0.01,0.0,0.99,1.0
0,2,49,9,1,1,0,0,0,0,0,0,0,0,0,0,0,0,0,0,0,0,20,2,0.0,0.0,0.0,0.0,0.1,0.4,0.0,255,2,0.01,0.72,0.98,0.0,0.0,0.0,0.02,0.0
0,1,24,9,230,327,0,0,0,0,0,1,0,0,0,0,0,0,0,0,0,0,11,21,0.0,0.0,0.0,0.0,1.0,0.0,0.14,218,255,1.0,0.0,0.0,0.01,0.0,0.0,0.0,0.0
0,1,39,1,0,0,0,0,0,0,0,0,0,0,0,0,0,0,0,0,0,0,216,8,0.0,0.0,1.0,1.0,0.04,0.06,0.0,255,8,0.03,0.07,0.0,0.0,0.0,0.0,1.0,1.0
0,2,12,9,46,112,0,0,0,0,0,0,0,0,0,0,0,0,0,0,0,0,118,117,0.0,0.0,0.0,0.0,0.99,0.02,0.0,240,181,0.75,0.01,0.0,0.0,0.0,0.0,0.0,0.0
0,1,24,9,245,9300,0,0,0,0,0,1,0,0,0,0,0,0,0,0,0,0,1,1,0.0,0.0,0.0,0.0,1.0,0.0,0.0,180,255,1.0,0.0,0.01,0.01,0.0,0.0,0.0,0.0
0,2,49,9,105,147,0,0,0,0,0,0,0,0,0,0,0,0,0,0,0,0,3,3,0.0,0.0,0.0,0.0,1.0,0.0,0.0,255,255,1.0,0.0,0.0,0.0,0.0,0.0,0.0,0.0
0,1,54,9,1339,330,0,0,0,0,0,1,0,0,0,0,0,0,0,0,0,0,1,1,0.0,0.0,0.0,0.0,1.0,0.0,0.0,16,14,0.88,0.12,0.06,0.0,0.0,0.0,0.0,0.0
0,2,12,9,45,130,0,0,0,0,0,0,0,0,0,0,0,0,0,0,0,0,137,217,0.0,0.0,0.0,0.0,1.0,0.0,0.01,255,255,1.0,0.0,0.0,0.0,0.0,0.0,0.0,0.0
0,1,24,9,216,2399,0,0,0,0,0,1,0,0,0,0,0,0,0,0,0,0,11,13,0.0,0.0,0.0,0.0,1.0,0.0,0.15,255,255,1.0,0.0,0.0,0.0,0.0,0.0,0.0,0.0
806,1,24,4,60064,1,0,0,0,0,0,1,0,0,0,0,0,0,0,0,0,0,36,36,0.0,0.0,1.0,1.0,1.0,0.0,0.0,255,253,0.99,0.01,0.0,0.0,0.01,0.01,0.53,0.54
0,1,49,5,0,0,0,0,0,0,0,0,0,0,0,0,0,0,0,0,0,0,130,18,1.0,1.0,0.0,0.0,0.14,0.06,0.0,255,18,0.07,0.07,0.0,0.0,1.0,1.0,0.0,0.0
0,1,24,9,188,294,0,0,0,0,0,1,0,0,0,0,0,0,0,0,0,0,7,19,0.0,0.0,0.0,0.0,1.0,0.0,0.16,255,255,1.0,0.0,0.0,0.0,0.0,0.0,0.0,0.0
4,1,47,9,32,93,0,0,0,0,0,1,0,0,0,0,0,0,0,0,0,0,1,1,0.0,0.0,0.0,0.0,1.0,0.0,0.0,248,229,0.92,0.01,0.0,0.0,0.0,0.0,0.04,0.0
0,1,49,1,0,0,0,0,0,0,0,0,0,0,0,0,0,0,0,0,0,0,105,1,0.16,0.0,0.83,1.0,0.01,1.0,0.0,255,1,0.0,0.36,0.0,0.0,0.07,0.0,0.28,1.0
4,1,47,9,26,93,0,0,0,0,0,1,0,0,0,0,0,0,0,0,0,0,1,1,0.0,0.0,0.0,0.0,1.0,0.0,0.0,245,226,0.92,0.01,0.0,0.0,0.0,0.0,0.04,0.0
0,2,12,9,42,42,0,0,0,0,0,0,0,0,0,0,0,0,0,0,0,0,7,10,0.0,0.0,0.0,0.0,1.0,0.0,0.2,255,255,1.0,0.0,0.01,0.0,0.0,0.0,0.0,0.0
2,1,54,9,1115,332,0,0,0,0,0,1,0,0,0,0,0,0,0,0,0,0,1,1,0.0,0.0,0.0,0.0,1.0,0.0,0.0,7,74,1.0,0.0,0.14,0.03,0.0,0.0,0.0,0.0
0,1,60,9,0,15,0,0,0,0,0,0,0,0,0,0,0,0,0,0,0,0,3,2,0.0,0.0,0.33,0.0,0.67,0.67,0.0,193,90,0.36,0.03,0.01,0.02,0.0,0.0,0.87,0.66
0,1,24,6,220,29200,0,0,0,0,0,1,0,0,0,0,0,0,0,0,0,0,2,2,0.5,0.5,0.0,0.0,1.0,0.0,0.0,20,251,1.0,0.0,0.05,0.02,0.05,0.0,0.0,0.0
0,1,49,1,0,0,0,0,0,0,0,0,0,0,0,0,0,0,0,0,0,0,125,5,0.0,0.0,1.0,1.0,0.04,0.06,0.0,255,5,0.02,0.05,0.0,0.0,0.0,0.0,1.0,1.0
0,1,24,9,303,315,0,0,0,0,0,1,0,0,0,0,0,0,0,0,0,0,22,22,0.0,0.0,0.0,0.0,1.0,0.0,0.0,72,255,1.0,0.0,0.01,0.02,0.0,0.0,0.0,0.0
0,1,24,9,328,2439,0,0,0,0,0,1,0,0,0,0,0,0,0,0,0,0,4,4,0.0,0.0,0.0,0.0,1.0,0.0,0.0,174,238,1.0,0.0,0.01,0.01,0.01,0.0,0.0,0.0
0,1,24,9,359,283,0,0,0,0,0,1,0,0,0,0,0,0,0,0,0,0,2,3,0.0,0.0,0.0,0.0,1.0,0.0,0.67,2,255,1.0,0.0,0.5,0.01,0.0,0.0,0.0,0.0
0,1,49,1,0,0,0,0,0,0,0,0,0,0,0,0,0,0,0,0,0,0,279,13,0.02,0.0,0.98,1.0,0.05,0.06,0.0,255,13,0.05,0.06,0.0,0.0,0.0,0.0,1.0,1.0
0,1,49,1,0,0,0,0,0,0,0,0,0,0,0,0,0,0,0,0,0,0,364,1,0.07,0.0,0.93,1.0,0.0,1.0,0.0,255,1,0.0,1.0,0.0,0.0,0.1,0.0,0.9,1.0
0,2,12,9,43,43,0,0,0,0,0,0,0,0,0,0,0,0,0,0,0,0,3,5,0.0,0.0,0.0,0.0,1.0,0.0,0.4,255,249,0.98,0.01,0.01,0.0,0.0,0.0,0.0,0.0
0,1,24,9,329,2553,0,0,0,0,0,1,0,0,0,0,0,0,0,0,0,0,14,14,0.0,0.0,0.0,0.0,1.0,0.0,0.0,146,255,1.0,0.0,0.01,0.02,0.0,0.01,0.0,0.0
284,1,19,9,160,599,0,0,0,2,0,1,0,0,0,0,0,0,0,0,0,1,1,1,0.0,0.0,0.0,0.0,1.0,0.0,0.0,162,9,0.06,0.66,0.01,0.0,0.0,0.0,0.67,0.11
0,1,49,1,0,0,0,0,0,0,0,0,0,0,0,0,0,0,0,0,0,0,105,1,0.0,0.0,1.0,1.0,0.01,0.09,0.0,255,1,0.0,0.07,0.0,0.0,0.0,0.0,1.0,1.0
0,1,24,9,277,1274,0,0,0,0,0,1,0,0,0,0,0,0,0,0,0,0,15,20,0.0,0.0,0.0,0.0,1.0,0.0,0.1,255,255,1.0,0.0,0.0,0.0,0.0,0.0,0.0,0.0
0,1,60,8,0,44,0,0,0,0,0,0,0,0,0,0,0,0,0,0,0,0,1,1,1.0,1.0,0.0,0.0,1.0,0.0,0.0,255,136,0.53,0.43,0.0,0.0,0.42,0.79,0.42,0.01
0,2,44,9,1,1,0,0,0,0,0,0,0,0,0,0,0,0,0,0,0,0,315,1,0.0,0.0,0.0,0.0,0.0,1.0,0.0,255,1,0.0,1.0,1.0,0.0,0.0,0.0,0.0,0.0
0,1,24,9,256,11326,0,0,0,0,0,1,0,0,0,0,0,0,0,0,0,0,1,1,0.0,0.0,0.0,0.0,1.0,0.0,0.0,2,255,1.0,0.0,0.5,0.04,0.0,0.0,0.0,0.0
0,1,24,9,250,17926,0,0,0,0,0,1,0,0,0,0,0,0,0,0,0,0,1,8,0.0,0.0,0.0,0.0,1.0,0.0,0.25,255,255,1.0,0.0,0.0,0.0,0.0,0.0,0.0,0.0
0,1,28,1,0,0,0,0,0,0,0,0,0,0,0,0,0,0,0,0,0,0,2,4,0.0,0.0,0.5,1.0,0.5,1.0,1.0,218,55,0.25,0.01,0.0,0.0,0.0,0.0,0.64,1.0
0,1,24,9,211,13842,0,0,0,0,0,1,0,0,0,0,0,0,0,0,0,0,11,11,0.0,0.0,0.0,0.0,1.0,0.0,0.0,255,255,1.0,0.0,0.0,0.0,0.0,0.0,0.0,0.0
0,1,20,9,12,0,0,0,0,0,0,0,0,0,0,0,0,0,0,0,0,0,2,2,0.0,0.0,0.0,0.0,1.0,0.0,0.0,23,10,0.17,0.09,0.17,0.3,0.0,0.0,0.0,0.0
8176,1,60,9,0,15,0,0,0,0,0,0,0,0,0,0,0,0,0,0,0,0,1,3,0.0,0.0,0.0,0.33,1.0,0.0,0.67,255,47,0.18,0.04,0.0,0.0,0.0,0.02,0.09,0.26
0,0,15,9,520,0,0,0,0,0,0,0,0,0,0,0,0,0,0,0,0,0,385,385,0.0,0.0,0.0,0.0,1.0,0.0,0.0,255,255,1.0,0.0,1.0,0.0,0.0,0.0,0.0,0.0
805,1,24,4,55744,1,0,0,0,0,0,1,0,0,0,0,0,0,0,0,0,0,55,55,0.11,0.11,0.89,0.89,1.0,0.0,0.0,255,254,1.0,0.01,0.0,0.0,0.03,0.03,0.74,0.74
0,1,24,9,299,824,0,0,0,0,0,1,0,0,0,0,0,0,0,0,0,0,11,11,0.0,0.0,0.0,0.0,1.0,0.0,0.0,138,255,1.0,0.0,0.01,0.03,0.0,0.0,0.0,0.0
0,1,24,9,305,2698,0,0,0,0,0,1,0,0,0,0,0,0,1,0,0,0,6,6,0.0,0.0,0.0,0.0,1.0,0.0,0.0,255,234,0.92,0.02,0.0,0.0,0.0,0.0,0.04,0.0
0,1,49,1,0,0,0,0,0,0,0,0,0,0,0,0,0,0,0,0,0,0,368,1,0.08,0.0,0.9,1.0,0.0,1.0,0.0,255,1,0.0,1.0,0.0,0.0,0.05,0.0,0.93,1.0
0,2,49,9,105,146,0,0,0,0,0,0,0,0,0,0,0,0,0,0,0,0,4,2,0.0,0.0,0.0,0.0,0.5,0.5,0.0,255,254,1.0,0.01,0.0,0.0,0.0,0.0,0.0,0.0
0,2,49,9,105,146,0,0,0,0,0,0,0,0,0,0,0,0,0,0,0,0,1,1,0.0,0.0,0.0,0.0,1.0,0.0,0.0,241,239,0.99,0.01,0.0,0.0,0.0,0.0,0.0,0.0
0,2,49,9,1,26,0,0,0,0,0,0,0,0,0,0,0,0,0,0,0,0,17,16,0.0,0.0,0.0,0.0,0.94,0.12,0.0,255,27,0.11,0.59,0.44,0.0,0.01,0.0,0.52,0.0
0,0,14,9,20,0,0,0,0,0,0,0,0,0,0,0,0,0,0,0,0,0,1,51,0.0,0.0,0.0,0.0,1.0,0.0,1.0,1,50,1.0,0.0,1.0,0.28,0.0,0.0,0.0,0.0
0,1,60,9,128,174,0,0,0,0,1,0,0,0,0,0,0,0,0,0,0,0,1,1,0.0,0.0,0.0,0.0,1.0,0.0,0.0,255,170,0.67,0.02,0.0,0.0,0.0,0.0,0.02,0.03
4,1,47,9,32,93,0,0,0,0,0,1,0,0,0,0,0,0,0,0,0,0,1,1,0.0,0.0,0.0,0.0,1.0,0.0,0.0,255,242,0.95,0.01,0.0,0.0,0.0,0.0,0.03,0.0
0,1,24,9,311,791,0,0,0,0,0,1,0,0,0,0,0,0,0,0,0,0,11,11,0.0,0.0,0.0,0.0,1.0,0.0,0.0,97,255,1.0,0.0,0.01,0.06,0.0,0.0,0.0,0.0
2077,1,24,8,72564,0,0,0,0,0,0,1,0,0,0,0,0,0,0,0,0,0,14,14,0.07,0.07,0.93,0.93,1.0,0.0,0.0,255,237,0.93,0.01,0.0,0.0,0.0,0.0,0.19,0.2
0,2,49,9,52,54,0,0,0,0,0,0,0,0,0,0,0,0,0,0,0,0,511,511,0.0,0.0,0.0,0.0,1.0,0.0,0.0,255,255,1.0,0.0,0.95,0.0,0.0,0.0,0.0,0.0
0,1,24,9,230,756,0,0,0,0,0,1,0,0,0,0,0,0,0,0,0,0,15,28,0.0,0.0,0.0,0.0,1.0,0.0,0.07,39,241,1.0,0.0,0.03,0.09,0.0,0.0,0.0,0.0
0,1,49,5,0,0,0,0,0,0,0,0,0,0,0,0,0,0,0,0,0,0,124,16,1.0,1.0,0.0,0.0,0.13,0.06,0.0,255,16,0.06,0.05,0.0,0.0,1.0,1.0,0.0,0.0
0,1,24,9,351,8638,0,0,0,0,0,1,0,0,0,0,0,0,0,0,0,0,4,4,0.0,0.0,0.0,0.0,1.0,0.0,0.0,255,255,1.0,0.0,0.0,0.0,0.0,0.0,0.0,0.0
0,1,54,9,1481,329,0,0,0,0,0,1,0,0,0,0,0,0,0,0,0,0,1,1,0.0,0.0,0.0,0.0,1.0,0.0,0.0,18,163,0.94,0.11,0.06,0.01,0.0,0.0,0.0,0.0
0,1,24,9,302,3222,0,0,0,0,0,1,0,0,0,0,0,0,0,0,0,0,3,3,0.0,0.0,0.0,0.0,1.0,0.0,0.0,255,236,0.93,0.02,0.0,0.0,0.0,0.0,0.0,0.0
0,1,24,9,343,1811,0,0,0,0,0,1,0,0,0,0,0,0,0,0,0,0,1,1,0.0,0.0,0.0,0.0,1.0,0.0,0.0,68,255,1.0,0.0,0.01,0.05,0.0,0.0,0.0,0.0
0,1,49,1,0,0,0,0,0,0,0,0,0,0,0,0,0,0,0,0,0,0,252,1,0.07,0.0,0.93,1.0,0.0,1.0,0.0,255,1,0.0,0.93,0.0,0.0,0.07,0.0,0.85,1.0
61,1,60,9,195,2051,0,0,0,1,0,1,0,0,0,0,2,1,0,0,0,0,1,1,0.0,0.0,0.0,0.0,1.0,0.0,0.0,97,29,0.3,0.03,0.01,0.0,0.01,0.03,0.0,0.0
0,1,24,5,0,0,0,0,0,0,0,0,0,0,0,0,0,0,0,0,0,0,266,7,1.0,1.0,0.0,0.0,0.03,0.06,0.0,255,7,0.03,0.06,0.0,0.0,1.0,1.0,0.0,0.0
0,1,24,9,200,3092,0,0,0,0,0,1,0,0,0,0,0,0,0,0,0,0,1,2,0.0,0.0,0.0,0.0,1.0,0.0,1.0,157,255,1.0,0.0,0.01,0.03,0.0,0.0,0.0,0.0
0,1,24,9,328,2261,0,0,0,0,0,1,0,0,0,0,0,0,0,0,0,0,8,8,0.0,0.0,0.0,0.0,1.0,0.0,0.0,243,255,1.0,0.0,0.01,0.01,0.0,0.0,0.0,0.0
0,1,24,9,231,9633,0,0,0,0,0,1,0,0,0,0,0,0,0,0,0,0,27,28,0.0,0.0,0.0,0.0,1.0,0.0,0.07,255,255,1.0,0.0,0.0,0.0,0.0,0.0,0.0,0.0
0,1,4,5,0,0,0,0,0,0,0,0,0,0,0,0,0,0,0,0,0,0,176,13,1.0,1.0,0.0,0.0,0.07,0.09,0.0,255,13,0.05,0.09,0.0,0.0,1.0,1.0,0.0,0.0
0,1,24,9,178,464,0,0,0,0,0,1,0,0,0,0,0,0,0,0,0,0,1,1,0.0,0.0,0.0,0.0,1.0,0.0,0.0,255,255,1.0,0.0,0.0,0.0,0.0,0.0,0.0,0.0
0,1,24,9,198,765,0,0,0,0,0,1,0,0,0,0,0,0,0,0,0,0,34,34,0.0,0.0,0.0,0.0,1.0,0.0,0.0,255,255,1.0,0.0,0.0,0.0,0.0,0.0,0.0,0.0
0,0,15,9,1032,0,0,0,0,0,0,0,0,0,0,0,0,0,0,0,0,0,252,252,0.0,0.0,0.0,0.0,1.0,0.0,0.0,255,255,1.0,0.0,1.0,0.0,0.0,0.0,0.0,0.0
0,1,24,9,224,1938,0,0,0,0,0,1,0,0,0,0,0,0,0,0,0,0,10,10,0.0,0.0,0.0,0.0,1.0,0.0,0.0,10,255,1.0,0.0,0.1,0.03,0.0,0.0,0.0,0.0
0,0,15,9,1032,0,0,0,0,0,0,0,0,0,0,0,0,0,0,0,0,0,31,31,0.0,0.0,0.0,0.0,1.0,0.0,0.0,255,255,1.0,0.0,1.0,0.0,0.0,0.0,0.0,0.0
0,1,49,1,0,0,0,0,0,0,0,0,0,0,0,0,0,0,0,0,0,0,64,1,0.0,0.0,0.98,1.0,0.02,1.0,0.0,99,1,0.01,0.55,0.01,0.0,0.0,0.0,0.49,1.0
0,0,15,9,1008,0,0,0,0,0,0,0,0,0,0,0,0,0,0,0,0,0,503,503,0.0,0.0,0.0,0.0,1.0,0.0,0.0,255,255,1.0,0.0,1.0,0.0,0.0,0.0,0.0,0.0
0,1,24,9,298,22769,0,0,0,0,0,1,0,0,0,0,0,0,0,0,0,0,1,4,0.0,0.0,0.0,0.0,1.0,0.0,0.5,1,255,1.0,0.0,1.0,0.05,0.0,0.0,0.0,0.0
0,1,49,1,0,0,0,0,0,0,0,0,0,0,0,0,0,0,0,0,0,0,252,17,0.0,0.0,1.0,1.0,0.07,0.06,0.0,255,17,0.07,0.06,0.0,0.0,0.0,0.0,1.0,1.0
84,1,60,9,277,1089,0,0,0,2,0,1,1,1,0,0,4,2,0,0,0,0,1,1,0.0,0.0,0.0,0.0,1.0,0.0,0.0,255,1,0.0,0.07,0.0,0.0,0.14,0.0,0.86,0.0
0,1,24,9,350,5934,0,0,0,0,0,1,0,0,0,0,0,0,0,0,0,0,5,5,0.0,0.0,0.0,0.0,1.0,0.0,0.0,255,255,1.0,0.0,0.0,0.0,0.0,0.0,0.0,0.0
0,1,24,9,305,285,0,0,0,0,0,1,0,0,0,0,0,0,0,0,0,0,2,2,0.0,0.0,0.0,0.0,1.0,0.0,0.0,99,255,1.0,0.0,0.01,0.02,0.0,0.0,0.0,0.0
0,1,68,5,0,0,0,0,0,0,0,0,0,0,0,0,0,0,0,0,0,0,202,6,1.0,1.0,0.0,0.0,0.03,0.06,0.0,255,6,0.02,0.06,0.0,0.0,1.0,1.0,0.0,0.0
0,1,44,1,0,0,0,0,0,0,0,0,0,0,0,0,0,0,0,0,0,0,511,1,0.04,0.0,0.96,1.0,0.0,1.0,0.0,255,1,0.0,1.0,0.0,0.0,0.05,0.0,0.95,1.0
898,1,24,4,56504,0,0,0,0,0,0,1,0,0,0,0,0,0,0,0,0,0,22,22,0.0,0.0,1.0,1.0,1.0,0.0,0.0,255,255,1.0,0.0,0.0,0.0,0.0,0.0,0.49,0.49
0,1,24,9,400,6968,0,0,0,0,0,1,0,0,0,0,0,0,0,0,0,0,18,19,0.0,0.0,0.0,0.0,1.0,0.0,0.11,255,255,1.0,0.0,0.0,0.0,0.0,0.0,0.0,0.0
0,1,49,1,0,0,0,0,0,0,0,0,0,0,0,0,0,0,0,0,0,0,112,4,0.0,0.0,1.0,1.0,0.04,0.06,0.0,255,4,0.02,0.05,0.0,0.0,0.0,0.0,1.0,1.0
0,1,24,9,301,1569,0,0,0,0,0,1,0,0,0,0,0,0,0,0,0,0,27,28,0.0,0.0,0.0,0.0,1.0,0.0,0.07,255,255,1.0,0.0,0.0,0.0,0.0,0.0,0.0,0.0
0,1,60,2,0,0,0,0,0,0,0,0,0,0,0,0,0,0,0,0,0,0,8,1,0.0,0.0,1.0,1.0,0.12,0.38,0.0,255,59,0.23,0.11,0.01,0.0,0.0,0.0,0.99,1.0
0,1,24,9,286,1360,0,0,0,0,0,1,0,0,0,0,0,0,0,0,0,0,10,10,0.0,0.0,0.0,0.0,1.0,0.0,0.0,29,255,1.0,0.0,0.03,0.03,0.0,0.0,0.0,0.0
2,1,54,9,4485,641,0,0,0,0,0,1,0,0,0,1,0,0,1,0,0,0,1,3,0.0,0.0,0.0,0.0,1.0,0.0,1.0,255,7,0.03,0.02,0.0,0.0,0.01,0.0,0.01,0.0
0,1,24,9,383,2887,0,0,0,0,0,1,0,0,0,0,0,0,0,0,0,0,5,5,0.0,0.0,0.0,0.0,1.0,0.0,0.0,255,255,1.0,0.0,0.0,0.0,0.0,0.0,0.0,0.0
0,1,24,9,207,570,0,0,0,0,0,1,0,0,0,0,0,0,0,0,0,0,4,4,0.0,0.0,0.0,0.0,1.0,0.0,0.0,168,255,1.0,0.0,0.01,0.02,0.0,0.0,0.0,0.0
0,1,24,9,259,1448,0,0,0,0,0,1,0,0,0,0,0,0,0,0,0,0,1,1,0.0,0.0,0.0,0.0,1.0,0.0,0.0,62,255,1.0,0.0,0.02,0.01,0.0,0.0,0.0,0.0
0,1,49,1,0,0,0,0,0,0,0,0,0,0,0,0,0,0,0,0,0,0,111,5,0.0,0.0,1.0,1.0,0.05,0.07,0.0,255,5,0.02,0.06,0.0,0.0,0.0,0.0,1.0,1.0
0,1,44,1,0,0,0,0,0,0,0,0,0,0,0,0,0,0,0,0,0,0,510,1,0.07,0.0,0.93,1.0,0.0,1.0,0.0,255,1,0.0,1.0,0.0,0.0,0.0,0.0,1.0,1.0
0,2,49,9,52,54,0,0,0,0,0,0,0,0,0,0,0,0,0,0,0,0,507,507,0.0,0.0,0.0,0.0,1.0,0.0,0.0,255,255,1.0,0.0,0.83,0.0,0.0,0.0,0.0,0.0
0,1,24,9,353,488,0,0,0,0,0,1,0,0,0,0,0,0,0,0,0,0,2,2,0.0,0.0,0.0,0.0,1.0,0.0,0.0,63,255,1.0,0.0,0.02,0.04,0.0,0.0,0.0,0.0
0,1,24,9,318,284,0,0,0,0,0,1,0,0,0,0,0,0,0,0,0,0,14,14,0.0,0.0,0.0,0.0,1.0,0.0,0.0,255,255,1.0,0.0,0.0,0.0,0.0,0.0,0.0,0.0
0,1,24,9,201,1659,0,0,0,0,0,1,0,0,0,0,0,0,0,0,0,0,3,3,0.0,0.0,0.0,0.0,1.0,0.0,0.0,90,255,1.0,0.0,0.01,0.04,0.0,0.0,0.0,0.0
0,1,49,5,0,0,0,0,0,0,0,0,0,0,0,0,0,0,0,0,0,0,262,13,1.0,1.0,0.0,0.0,0.05,0.06,0.0,255,13,0.05,0.06,0.0,0.0,1.0,1.0,0.0,0.0
0,1,60,2,0,0,0,0,0,0,0,0,0,0,0,0,0,0,0,0,0,0,244,10,0.0,0.0,1.0,1.0,0.04,0.07,0.0,255,10,0.04,0.07,0.0,0.0,0.0,0.0,1.0,1.0
0,1,49,1,0,0,0,0,0,0,0,0,0,0,0,0,0,0,0,0,0,0,125,8,0.0,0.0,1.0,1.0,0.06,0.06,0.0,174,8,0.05,0.06,0.01,0.0,0.0,0.0,1.0,1.0
280,1,20,9,283618,0,0,0,0,0,0,0,0,0,0,0,0,0,0,0,0,0,1,1,0.0,0.0,0.0,0.0,1.0,0.0,0.0,7,9,1.0,0.0,1.0,0.22,0.0,0.0,0.0,0.0
0,1,49,1,0,0,0,0,0,0,0,0,0,0,0,0,0,0,0,0,0,0,115,2,0.0,0.0,1.0,1.0,0.02,0.07,0.0,255,2,0.01,0.06,0.0,0.0,0.0,0.0,1.0,1.0
0,1,21,1,0,0,0,0,0,0,0,0,0,0,0,0,0,0,0,0,0,0,225,16,0.0,0.0,1.0,1.0,0.07,0.07,0.0,255,16,0.06,0.07,0.0,0.0,0.0,0.0,1.0,1.0
0,1,49,5,0,0,0,0,0,0,0,0,0,0,0,0,0,0,0,0,0,0,222,20,1.0,1.0,0.0,0.0,0.09,0.07,0.0,255,20,0.08,0.08,0.0,0.0,1.0,1.0,0.0,0.0
0,1,49,5,0,0,0,0,0,0,0,0,0,0,0,0,0,0,0,0,0,0,133,9,1.0,1.0,0.0,0.0,0.07,0.06,0.0,255,9,0.04,0.05,0.0,0.0,1.0,1.0,0.0,0.0
0,1,24,9,54540,8314,0,0,0,2,0,1,1,0,0,0,0,0,0,0,0,0,5,12,0.0,0.0,0.0,0.0,1.0,0.0,0.17,255,255,1.0,0.0,0.0,0.0,0.01,0.01,0.05,0.05
0,1,24,9,292,957,0,0,0,0,0,1,0,0,0,0,0,0,0,0,0,0,3,14,0.0,0.0,0.0,0.0,1.0,0.0,0.29,83,255,1.0,0.0,0.01,0.1,0.0,0.0,0.0,0.0
0,0,14,9,8,0,0,0,0,0,0,0,0,0,0,0,0,0,0,0,0,0,1,49,0.0,0.0,0.0,0.0,1.0,0.0,1.0,1,11,1.0,0.0,1.0,0.55,0.0,0.0,0.0,0.0
0,1,24,9,196,809,0,0,0,0,0,1,0,0,0,0,0,0,0,0,0,0,8,8,0.0,0.0,0.0,0.0,1.0,0.0,0.0,8,255,1.0,0.0,0.12,0.01,0.0,0.0,0.0,0.0
0,1,24,9,297,2570,0,0,0,0,0,1,0,0,0,0,0,0,0,0,0,0,4,9,0.0,0.0,0.0,0.0,1.0,0.0,0.22,21,255,1.0,0.0,0.05,0.03,0.0,0.0,0.0,0.0
0,1,24,9,312,3278,0,0,0,0,0,1,0,0,0,0,0,0,0,0,0,0,12,17,0.0,0.0,0.0,0.0,1.0,0.0,0.12,255,255,1.0,0.0,0.0,0.0,0.0,0.0,0.0,0.0
0,0,15,9,1032,0,0,0,0,0,0,0,0,0,0,0,0,0,0,0,0,0,69,69,0.0,0.0,0.0,0.0,1.0,0.0,0.0,255,255,1.0,0.0,1.0,0.0,0.0,0.0,0.0,0.0
0,1,24,9,332,274,0,0,0,0,0,1,0,0,0,0,0,0,0,0,0,0,10,11,0.0,0.0,0.0,0.0,1.0,0.0,0.18,255,255,1.0,0.0,0.0,0.0,0.0,0.0,0.0,0.0
0,1,24,9,279,171,0,0,0,0,0,1,0,0,0,0,0,0,0,0,0,0,22,22,0.0,0.0,0.0,0.0,1.0,0.0,0.0,22,255,1.0,0.0,0.05,0.02,0.0,0.0,0.0,0.0
0,1,24,9,321,1856,0,0,0,0,0,1,0,0,0,0,0,0,0,0,0,0,5,9,0.0,0.0,0.0,0.0,1.0,0.0,0.22,255,255,1.0,0.0,0.0,0.0,0.0,0.0,0.0,0.0
0,1,49,1,0,0,0,0,0,0,0,0,0,0,0,0,0,0,0,0,0,0,248,14,0.0,0.0,1.0,1.0,0.06,0.07,0.0,255,14,0.05,0.07,0.0,0.0,0.0,0.0,1.0,1.0
0,1,24,9,284,1108,0,0,0,0,0,1,0,0,0,0,0,0,0,0,0,0,4,4,0.0,0.0,0.0,0.0,1.0,0.0,0.0,162,255,1.0,0.0,0.01,0.02,0.01,0.0,0.0,0.0
0,1,49,1,0,0,0,0,0,0,0,0,0,0,0,0,0,0,0,0,0,0,233,2,0.0,0.0,1.0,1.0,0.01,0.07,0.0,255,2,0.01,0.07,0.0,0.0,0.0,0.0,1.0,1.0
0,1,24,9,231,5379,0,0,0,0,0,1,0,0,0,0,0,0,0,0,0,0,11,20,0.0,0.0,0.0,0.0,1.0,0.0,0.1,255,255,1.0,0.0,0.0,0.0,0.0,0.0,0.0,0.0
0,1,28,2,0,44,0,0,0,0,0,0,0,0,0,0,0,0,0,0,0,0,2,8,0.0,0.0,1.0,0.88,0.5,1.0,1.0,226,59,0.23,0.02,0.0,0.03,0.0,0.0,0.89,0.97
0,1,60,9,124,174,0,0,0,0,1,0,0,0,0,0,0,0,0,0,0,0,1,1,0.0,0.0,0.0,0.0,1.0,0.0,0.0,255,141,0.55,0.02,0.0,0.0,0.0,0.0,0.02,0.03
0,1,54,9,1380,369,0,0,0,0,0,1,0,0,0,0,0,0,0,0,0,0,1,4,0.0,0.0,0.0,0.0,1.0,0.0,0.75,123,160,0.75,0.03,0.01,0.01,0.0,0.0,0.01,0.01
0,1,56,5,0,0,0,0,0,0,0,0,0,0,0,0,0,0,0,0,0,0,138,5,1.0,1.0,0.0,0.0,0.04,0.09,0.0,255,5,0.02,0.09,0.0,0.0,1.0,1.0,0.0,0.0
0,1,49,1,0,0,0,0,0,0,0,0,0,0,0,0,0,0,0,0,0,0,279,12,0.0,0.0,1.0,1.0,0.04,0.06,0.0,255,12,0.05,0.07,0.0,0.0,0.0,0.0,1.0,1.0
0,1,60,2,0,12,0,0,0,0,0,0,0,0,0,0,0,0,0,0,0,0,1,9,0.0,0.22,1.0,0.56,1.0,0.0,0.78,255,33,0.13,0.02,0.0,0.0,0.0,0.0,0.19,0.52
0,0,15,9,1032,0,0,0,0,0,0,0,0,0,0,0,0,0,0,0,0,0,135,135,0.0,0.0,0.0,0.0,1.0,0.0,0.0,255,254,1.0,0.01,1.0,0.0,0.0,0.0,0.0,0.0
0,2,49,9,54,51,0,0,0,0,0,0,0,0,0,0,0,0,0,0,0,0,346,346,0.0,0.0,0.0,0.0,1.0,0.0,0.0,255,255,1.0,0.0,0.86,0.0,0.0,0.0,0.0,0.0
0,1,44,1,0,0,0,0,0,0,0,0,0,0,0,0,0,0,0,0,0,0,414,1,0.14,0.0,0.85,1.0,0.0,1.0,0.0,255,1,0.0,0.95,0.0,0.0,0.11,0.0,0.88,1.0
0,1,49,1,0,0,0,0,0,0,0,0,0,0,0,0,0,0,0,0,0,0,128,15,0.0,0.0,1.0,1.0,0.12,0.06,0.0,255,15,0.06,0.06,0.0,0.0,0.0,0.0,1.0,1.0
1,1,54,9,2599,293,0,0,0,0,0,1,0,0,0,0,0,0,0,0,0,0,3,3,0.0,0.0,0.0,0.0,1.0,0.0,0.0,255,195,0.76,0.13,0.0,0.0,0.0,0.0,0.22,0.0
0,1,24,9,262,9284,0,0,0,0,0,1,0,0,0,0,0,0,0,0,0,0,16,16,0.0,0.0,0.0,0.0,1.0,0.0,0.0,16,249,1.0,0.0,0.06,0.04,0.0,0.0,0.0,0.0
8060,1,60,8,1,15,0,0,0,0,0,0,0,0,0,0,0,0,0,0,0,0,1,1,1.0,1.0,0.0,0.0,1.0,0.0,0.0,255,44,0.17,0.73,0.0,0.0,0.07,0.43,0.72,0.0
0,1,24,9,54540,8314,0,0,0,2,0,1,1,0,0,0,0,0,0,0,0,0,3,21,0.0,0.0,0.0,0.0,1.0,0.0,0.1,255,242,0.95,0.01,0.0,0.0,0.0,0.0,0.06,0.06
0,1,49,1,0,0,0,0,0,0,0,0,0,0,0,0,0,0,0,0,0,0,274,8,0.0,0.0,1.0,1.0,0.03,0.06,0.0,255,8,0.03,0.06,0.0,0.0,0.0,0.0,1.0,1.0
0,1,24,9,209,415,0,0,0,0,0,1,0,0,0,0,0,0,0,0,0,0,15,15,0.0,0.0,0.0,0.0,1.0,0.0,0.0,255,255,1.0,0.0,0.0,0.0,0.0,0.0,0.0,0.0
0,0,15,9,508,0,0,0,0,0,0,0,0,0,0,0,0,0,0,0,0,0,243,243,0.0,0.0,0.0,0.0,1.0,0.0,0.0,255,255,1.0,0.0,1.0,0.0,0.0,0.0,0.0,0.0
0,2,12,9,44,79,0,0,0,0,0,0,0,0,0,0,0,0,0,0,0,0,72,72,0.0,0.0,0.0,0.0,1.0,0.0,0.0,255,253,0.99,0.01,0.01,0.0,0.0,0.0,0.0,0.0
0,1,24,9,229,1733,0,0,0,0,0,1,0,0,0,0,0,0,0,0,0,0,25,48,0.0,0.0,0.0,0.0,1.0,0.0,0.12,191,255,1.0,0.0,0.01,0.01,0.0,0.0,0.0,0.0
0,1,24,9,304,1534,0,0,0,0,0,1,0,0,0,0,0,0,0,0,0,0,1,1,0.0,0.0,0.0,0.0,1.0,0.0,0.0,71,251,1.0,0.0,0.01,0.07,0.0,0.0,0.0,0.0
0,0,15,9,1008,0,0,0,0,0,0,0,0,0,0,0,0,0,0,0,0,0,407,407,0.0,0.0,0.0,0.0,1.0,0.0,0.0,255,255,1.0,0.0,1.0,0.0,0.0,0.0,0.0,0.0
4,1,47,9,28,93,0,0,0,0,0,1,0,0,0,0,0,0,0,0,0,0,2,1,0.0,0.0,0.5,0.0,0.5,1.0,0.0,255,230,0.9,0.02,0.0,0.0,0.0,0.0,0.02,0.0
0,1,20,9,252,0,0,0,0,0,0,0,0,0,0,0,0,0,0,0,0,0,2,2,0.0,0.0,0.0,0.0,1.0,0.0,0.0,9,38,0.33,0.22,0.33,0.08,0.0,0.0,0.11,0.0
0,1,24,9,221,2720,0,0,0,0,0,1,0,0,0,0,0,0,0,0,0,0,18,18,0.0,0.0,0.0,0.0,1.0,0.0,0.0,84,255,1.0,0.0,0.01,0.02,0.0,0.0,0.0,0.0
2,1,47,2,0,36,0,0,0,0,0,1,0,0,0,0,0,0,0,0,0,0,3,7,0.0,0.0,0.67,0.86,0.33,1.0,1.0,60,60,0.25,0.08,0.02,0.03,0.0,0.0,0.88,1.0
0,1,54,9,1959,329,0,0,0,0,0,1,0,0,0,0,0,0,0,0,0,0,1,1,0.0,0.0,0.0,0.0,1.0,0.0,0.0,185,75,0.41,0.08,0.01,0.0,0.0,0.0,0.0,0.0
0,1,24,9,226,6969,0,0,0,0,0,1,0,0,0,0,0,0,0,0,0,0,4,4,0.0,0.0,0.0,0.0,1.0,0.0,0.0,4,255,1.0,0.0,0.25,0.02,0.0,0.0,0.0,0.0
0,1,54,9,642,331,0,0,0,0,0,1,0,0,0,0,0,0,0,0,0,0,1,1,0.0,0.0,0.0,0.0,1.0,0.0,0.0,111,140,0.37,0.05,0.01,0.01,0.0,0.0,0.0,0.04
0,1,24,9,331,3103,0,0,0,0,0,1,0,0,0,0,0,0,0,0,0,0,3,18,0.0,0.0,0.0,0.0,1.0,0.0,0.11,53,255,1.0,0.0,0.02,0.03,0.0,0.0,0.0,0.0
1,1,54,9,2599,293,0,0,0,0,0,1,0,0,0,0,0,0,0,0,0,0,2,2,0.0,0.0,0.0,0.0,1.0,0.0,0.0,255,90,0.35,0.14,0.0,0.0,0.0,0.0,0.63,0.0
0,1,20,9,383,0,0,0,0,0,0,0,0,0,0,0,0,0,0,0,0,0,2,2,0.0,0.0,0.0,0.0,1.0,0.0,0.0,59,67,0.53,0.08,0.53,0.03,0.0,0.0,0.08,0.0
0,1,24,9,350,1255,0,0,0,0,0,1,0,0,0,0,0,0,0,0,0,0,2,2,0.0,0.0,0.0,0.0,1.0,0.0,0.0,33,255,1.0,0.0,0.03,0.04,0.0,0.0,0.0,0.0
803,1,24,4,57964,0,0,0,0,0,0,1,0,0,0,0,0,0,0,0,0,0,63,63,0.03,0.03,0.97,0.97,1.0,0.0,0.0,255,253,0.99,0.01,0.0,0.0,0.01,0.01,0.51,0.51
0,1,24,9,220,1856,0,0,0,0,0,1,0,0,0,0,0,0,0,0,0,0,14,14,0.0,0.0,0.0,0.0,1.0,0.0,0.0,71,114,1.0,0.0,0.01,0.04,0.0,0.0,0.0,0.0
0,1,24,9,171,24500,0,0,0,0,0,1,0,0,0,0,0,0,0,0,0,0,1,1,0.0,0.0,0.0,0.0,1.0,0.0,0.0,164,255,1.0,0.0,0.01,0.02,0.0,0.0,0.0,0.0
0,2,49,9,105,0,0,0,0,0,0,0,0,0,0,0,0,0,0,0,0,0,1,1,0.0,0.0,0.0,0.0,1.0,0.0,0.0,9,9,1.0,0.0,0.11,0.0,0.0,0.0,0.0,0.0
0,1,24,9,222,2022,0,0,0,0,0,1,0,0,0,0,0,0,0,0,0,0,21,21,0.0,0.0,0.0,0.0,1.0,0.0,0.0,69,255,1.0,0.0,0.01,0.04,0.0,0.0,0.0,0.0
0,1,54,9,2799,327,0,0,0,0,0,1,0,0,0,0,0,0,0,0,0,0,2,2,0.0,0.0,0.0,0.0,0.5,1.0,1.0,205,97,0.47,0.03,0.0,0.0,0.0,0.0,0.0,0.01
0,1,49,1,0,0,0,0,0,0,0,0,0,0,0,0,0,0,0,0,0,0,203,1,0.08,0.0,0.91,1.0,0.0,1.0,0.0,255,1,0.0,0.75,0.0,0.0,0.07,0.0,0.66,1.0
2,1,60,9,24,109,0,0,0,0,0,0,0,0,0,0,0,0,0,0,0,0,4,5,0.0,0.0,0.75,0.4,0.5,0.75,0.6,232,84,0.33,0.02,0.0,0.02,0.0,0.0,0.9,0.7
0,1,49,5,0,0,0,0,0,0,0,0,0,0,0,0,0,0,0,0,0,0,145,14,1.0,1.0,0.0,0.0,0.1,0.06,0.0,255,14,0.05,0.05,0.0,0.0,1.0,1.0,0.0,0.0
0,1,24,9,264,29498,0,0,0,0,0,1,0,0,0,0,0,0,0,0,0,0,1,1,0.0,0.0,0.0,0.0,1.0,0.0,0.0,97,255,1.0,0.0,0.01,0.02,0.0,0.0,0.0,0.0
0,1,23,1,0,0,0,0,0,0,0,0,0,0,0,0,0,0,0,0,0,0,284,6,0.0,0.0,1.0,1.0,0.02,0.06,0.0,255,6,0.02,0.07,0.0,0.0,0.0,0.0,1.0,1.0
0,1,24,9,182,6744,0,0,0,0,0,1,0,0,0,0,0,0,0,0,0,0,7,7,0.0,0.0,0.0,0.0,1.0,0.0,0.0,26,154,1.0,0.0,0.04,0.08,0.0,0.0,0.0,0.0
284,1,19,9,162,597,0,0,0,2,0,1,0,0,0,0,0,0,0,0,0,1,1,1,0.0,0.0,0.0,0.0,1.0,0.0,0.0,255,53,0.21,0.03,0.0,0.0,0.15,0.0,0.02,0.0
900,1,19,8,0,152,0,0,0,0,0,0,0,0,0,0,0,0,0,0,0,0,1,1,1.0,1.0,0.0,0.0,1.0,0.0,0.0,161,39,0.24,0.04,0.01,0.0,0.01,0.05,0.01,0.0
282,1,19,9,159,597,0,0,0,2,0,1,0,0,0,0,0,0,0,0,0,1,1,1,0.0,0.0,0.0,0.0,1.0,0.0,0.0,17,15,0.88,0.12,0.06,0.0,0.0,0.0,0.0,0.0
0,1,24,9,239,1129,0,0,0,0,0,1,0,0,0,0,0,0,0,0,0,0,2,2,0.0,0.0,0.0,0.0,1.0,0.0,0.0,95,255,1.0,0.0,0.01,0.06,0.0,0.0,0.0,0.0
0,1,24,9,205,655,0,0,0,0,0,1,0,0,0,0,0,0,0,0,0,0,17,20,0.0,0.0,0.0,0.0,1.0,0.0,0.15,128,247,1.0,0.0,0.01,0.03,0.0,0.0,0.0,0.0
0,1,24,9,276,608,0,0,0,0,0,1,0,0,0,0,0,0,0,0,0,0,6,6,0.0,0.0,0.0,0.0,1.0,0.0,0.0,72,255,1.0,0.0,0.01,0.02,0.0,0.0,0.0,0.0
282,1,19,9,162,597,0,0,0,2,0,1,0,0,0,0,0,0,0,0,0,1,1,1,0.0,0.0,0.0,0.0,1.0,0.0,0.0,255,19,0.07,0.02,0.0,0.0,0.09,0.0,0.28,0.0
0,0,15,9,508,0,0,0,0,0,0,0,0,0,0,0,0,0,0,0,0,0,365,365,0.0,0.0,0.0,0.0,1.0,0.0,0.0,255,255,1.0,0.0,1.0,0.0,0.0,0.0,0.0,0.0
0,1,24,9,225,1163,0,0,0,0,0,1,0,0,0,0,0,0,0,0,0,0,24,42,0.0,0.0,0.0,0.0,1.0,0.0,0.05,255,255,1.0,0.0,0.0,0.0,0.0,0.0,0.0,0.0
0,1,49,1,0,0,0,0,0,0,0,0,0,0,0,0,0,0,0,0,0,0,289,1,0.07,0.0,0.93,1.0,0.0,1.0,0.0,255,1,0.0,1.0,0.0,0.0,0.07,0.0,0.93,1.0
0,1,60,8,0,44,0,0,0,0,0,0,0,0,0,0,0,0,0,0,0,0,1,1,1.0,1.0,0.0,0.0,1.0,0.0,0.0,255,122,0.48,0.03,0.0,0.0,0.17,0.36,0.11,0.11
7293,1,60,9,0,44,0,0,0,0,0,0,0,0,0,0,0,0,0,0,0,0,1,1,0.0,0.0,0.0,0.0,1.0,0.0,0.0,255,236,0.93,0.02,0.0,0.0,0.27,0.29,0.01,0.0
1016,1,24,4,3904,0,0,0,0,0,0,1,0,0,0,0,0,0,0,0,0,0,28,28,0.29,0.29,0.71,0.71,1.0,0.0,0.0,255,255,1.0,0.0,0.0,0.0,0.05,0.05,0.69,0.69
0,1,54,9,1503,337,0,0,0,0,0,1,0,0,0,0,0,0,0,0,0,0,1,1,0.0,0.0,0.0,0.0,1.0,0.0,0.0,238,175,0.67,0.02,0.0,0.01,0.0,0.0,0.0,0.0
0,1,24,9,299,2239,0,0,0,0,0,1,0,0,0,0,0,0,0,0,0,0,2,18,0.0,0.0,0.0,0.0,1.0,0.0,0.17,255,247,0.97,0.02,0.0,0.0,0.0,0.0,0.0,0.0
0,1,24,9,251,8735,0,0,0,0,0,1,0,0,0,0,0,0,0,0,0,0,8,8,0.0,0.0,0.0,0.0,1.0,0.0,0.0,235,255,1.0,0.0,0.0,0.01,0.0,0.0,0.0,0.0
0,1,24,9,220,263,0,0,0,0,0,1,0,0,0,0,0,0,0,0,0,0,16,20,0.0,0.0,0.0,0.0,1.0,0.0,0.15,255,255,1.0,0.0,0.0,0.0,0.0,0.0,0.0,0.0
0,1,44,1,0,0,0,0,0,0,0,0,0,0,0,0,0,0,0,0,0,0,431,1,0.06,0.0,0.94,1.0,0.0,1.0,0.0,255,1,0.0,1.0,0.01,0.0,0.06,0.0,0.94,1.0
0,1,24,9,247,379,0,0,0,0,0,1,0,0,0,0,0,0,0,0,0,0,2,2,0.0,0.0,0.0,0.0,1.0,0.0,0.0,255,255,1.0,0.0,0.0,0.0,0.0,0.0,0.0,0.0
282,1,19,9,158,595,0,0,0,2,0,1,0,0,0,0,0,0,0,0,0,1,1,1,0.0,0.0,0.0,0.0,1.0,0.0,0.0,255,110,0.43,0.03,0.0,0.0,0.0,0.0,0.0,0.0
0,1,44,1,0,0,0,0,0,0,0,0,0,0,0,0,0,0,0,0,0,0,486,1,0.08,0.0,0.92,1.0,0.0,1.0,0.0,255,1,0.0,1.0,0.0,0.0,0.03,0.0,0.97,1.0
0,1,24,9,319,1672,0,0,0,0,0,1,0,0,0,0,0,0,0,0,0,0,13,13,0.0,0.0,0.0,0.0,1.0,0.0,0.0,194,255,1.0,0.0,0.01,0.03,0.0,0.0,0.0,0.0
0,1,20,5,0,0,0,0,0,0,0,0,0,0,0,0,0,0,0,0,0,0,150,4,1.0,1.0,0.0,0.0,0.03,0.09,0.0,255,4,0.02,0.09,0.0,0.0,1.0,1.0,0.0,0.0
0,1,20,9,12,0,0,0,0,0,0,0,0,0,0,0,0,0,0,0,0,0,1,1,0.0,0.0,0.0,0.0,1.0,0.0,0.0,7,13,1.0,0.0,1.0,0.15,0.0,0.0,0.0,0.0
0,1,60,1,0,0,0,0,0,0,0,0,0,0,0,0,0,0,0,0,0,0,4,11,0.0,0.18,1.0,0.64,0.25,1.0,0.91,255,66,0.26,0.03,0.0,0.0,0.0,0.0,0.6,0.65
0,1,24,9,222,6085,0,0,0,0,0,1,0,0,0,0,0,0,0,0,0,0,4,4,0.0,0.0,0.0,0.0,1.0,0.0,0.0,255,255,1.0,0.0,0.0,0.0,0.0,0.0,0.0,0.0
0,1,49,1,0,0,0,0,0,0,0,0,0,0,0,0,0,0,0,0,0,0,206,9,0.01,0.0,0.99,1.0,0.04,0.06,0.0,255,9,0.04,0.06,0.0,0.0,0.02,0.0,0.98,1.0
0,1,24,9,54540,8314,0,0,0,2,0,1,1,0,0,0,0,0,0,0,0,0,2,2,0.0,0.0,0.0,0.0,1.0,0.0,0.0,255,251,0.98,0.01,0.0,0.0,0.0,0.0,0.01,0.01
0,1,24,9,298,1941,0,0,0,0,0,1,0,0,0,0,0,0,0,0,0,0,1,1,0.0,0.0,0.0,0.0,1.0,0.0,0.0,21,255,1.0,0.0,0.05,0.02,0.0,0.0,0.0,0.0
904,1,24,4,57964,0,0,0,0,0,0,1,0,0,0,0,0,0,0,0,0,0,5,5,0.0,0.0,1.0,1.0,1.0,0.0,0.0,255,253,0.99,0.01,0.0,0.0,0.0,0.0,0.02,0.02
0,1,60,5,0,0,0,0,0,0,0,0,0,0,0,0,0,0,0,0,0,0,1,5,1.0,0.2,0.0,0.4,1.0,0.0,0.6,103,86,0.34,0.03,0.01,0.02,1.0,1.0,0.0,0.0
5,1,47,9,32,93,0,0,0,0,0,1,0,0,0,0,0,0,0,0,0,0,1,1,0.0,0.0,0.0,0.0,1.0,0.0,0.0,3,6,1.0,0.0,0.33,0.5,0.0,0.0,0.0,0.0
0,2,49,9,44,44,0,0,0,0,0,0,0,0,0,0,0,0,0,0,0,0,3,3,0.0,0.0,0.0,0.0,1.0,0.0,0.0,255,254,1.0,0.01,0.01,0.0,0.0,0.0,0.0,0.0
0,1,24,9,223,1913,0,0,0,0,0,1,0,0,0,0,0,0,0,0,0,0,26,26,0.0,0.0,0.0,0.0,1.0,0.0,0.0,255,255,1.0,0.0,0.0,0.0,0.0,0.0,0.0,0.0
0,0,15,9,1032,0,0,0,0,0,0,0,0,0,0,0,0,0,0,0,0,0,247,247,0.0,0.0,0.0,0.0,1.0,0.0,0.0,255,255,1.0,0.0,1.0,0.0,0.0,0.0,0.0,0.0
0,1,19,9,26,157,0,0,0,0,1,0,0,0,0,0,0,0,0,0,0,1,1,1,0.0,0.0,0.0,0.0,1.0,0.0,0.0,165,79,0.48,0.02,0.01,0.0,0.0,0.0,0.0,0.0
7542,1,60,9,0,44,0,0,0,0,0,0,0,0,0,0,0,0,0,0,0,0,1,1,0.0,0.0,0.0,0.0,1.0,0.0,0.0,255,184,0.72,0.02,0.0,0.0,0.41,0.4,0.01,0.01
0,1,49,5,0,0,0,0,0,0,0,0,0,0,0,0,0,0,0,0,0,0,114,16,1.0,1.0,0.0,0.0,0.14,0.06,0.0,255,16,0.06,0.06,0.0,0.0,1.0,1.0,0.0,0.0
0,1,20,9,12,0,0,0,0,0,0,0,0,0,0,0,0,0,0,0,0,0,1,1,0.0,0.0,0.0,0.0,1.0,0.0,0.0,5,19,1.0,0.0,1.0,0.16,0.0,0.05,0.0,0.0
0,1,60,5,0,0,0,0,0,0,0,0,0,0,0,0,0,0,0,0,0,0,1,9,1.0,0.11,0.0,0.44,1.0,0.0,0.67,166,85,0.34,0.02,0.01,0.02,1.0,0.66,0.0,0.22
0,1,49,5,0,0,0,0,0,0,0,0,0,0,0,0,0,0,0,0,0,0,226,12,0.61,0.75,0.39,0.25,0.05,0.07,0.0,255,12,0.05,0.07,0.0,0.0,0.54,0.75,0.46,0.25
0,1,49,4,0,0,0,0,0,0,0,0,0,0,0,0,0,0,0,0,0,0,1,1,0.0,0.0,1.0,1.0,1.0,0.0,0.0,183,1,0.01,0.66,0.65,0.0,0.0,0.0,0.66,1.0
0,1,24,9,192,6634,0,0,0,0,0,1,0,0,0,0,0,0,0,0,0,0,4,4,0.0,0.0,0.0,0.0,1.0,0.0,0.0,4,225,1.0,0.0,0.25,0.09,0.0,0.0,0.0,0.0
0,1,60,8,0,44,0,0,0,0,0,0,0,0,0,0,0,0,0,0,0,0,1,1,1.0,1.0,0.0,0.0,1.0,0.0,0.0,255,158,0.62,0.03,0.0,0.0,0.33,0.53,0.11,0.08
992,2,44,9,146,105,0,0,0,0,0,0,0,0,0,0,0,0,0,0,0,0,1,1,0.0,0.0,0.0,0.0,1.0,0.0,0.0,9,4,0.44,0.44,1.0,0.0,0.0,0.0,0.0,0.0
282,1,19,9,160,599,0,0,0,2,0,1,0,0,0,0,0,0,0,0,0,1,1,1,0.0,0.0,0.0,0.0,1.0,0.0,0.0,255,104,0.41,0.03,0.0,0.0,0.0,0.0,0.0,0.0
0,0,15,9,64,0,0,0,0,0,0,0,0,0,0,0,0,0,0,0,0,0,3,3,0.0,0.0,0.0,0.0,1.0,0.0,0.0,255,3,0.01,0.01,0.01,0.0,0.0,0.0,0.0,0.0
0,1,24,9,317,4103,0,0,0,0,0,1,0,0,0,0,0,0,0,0,0,0,3,3,0.0,0.0,0.0,0.0,1.0,0.0,0.0,236,255,1.0,0.0,0.0,0.02,0.0,0.0,0.0,0.0
0,1,24,9,233,396,0,0,0,0,0,1,0,0,0,0,0,0,0,0,0,0,17,17,0.0,0.0,0.0,0.0,1.0,0.0,0.0,255,255,1.0,0.0,0.0,0.0,0.0,0.0,0.0,0.0
1,1,54,9,2599,293,0,0,0,0,0,1,0,0,0,0,0,0,0,0,0,0,2,2,0.0,0.0,0.0,0.0,1.0,0.0,0.0,255,140,0.55,0.15,0.0,0.0,0.0,0.0,0.44,0.0
0,1,24,9,315,4485,0,0,0,0,0,1,0,0,0,0,0,0,0,0,0,0,3,3,0.0,0.0,0.0,0.0,1.0,0.0,0.0,255,255,1.0,0.0,0.0,0.0,0.0,0.0,0.0,0.0
2055,1,24,4,72564,0,0,0,0,0,0,1,0,0,0,0,0,0,0,0,0,0,10,10,0.0,0.0,1.0,1.0,1.0,0.0,0.0,255,244,0.96,0.01,0.0,0.0,0.02,0.02,0.42,0.43
0,1,24,9,230,7834,0,0,0,0,0,1,0,0,0,0,0,0,0,0,0,0,7,7,0.0,0.0,0.0,0.0,1.0,0.0,0.0,19,255,1.0,0.0,0.05,0.03,0.0,0.0,0.0,0.0
0,1,67,5,0,0,0,0,0,0,0,0,0,0,0,0,0,0,0,0,0,0,156,10,1.0,1.0,0.0,0.0,0.06,0.09,0.0,255,10,0.04,0.09,0.0,0.0,1.0,1.0,0.0,0.0
0,1,24,9,207,1769,0,0,0,0,0,1,0,0,0,0,0,0,0,0,0,0,40,55,0.0,0.0,0.0,0.0,1.0,0.0,0.04,255,255,1.0,0.0,0.0,0.0,0.0,0.0,0.0,0.0
0,1,49,1,0,0,0,0,0,0,0,0,0,0,0,0,0,0,0,0,0,0,224,18,0.0,0.0,1.0,1.0,0.08,0.06,0.0,255,18,0.07,0.07,0.0,0.0,0.0,0.0,1.0,1.0
7420,1,60,9,0,44,0,0,0,0,0,0,0,0,0,0,0,0,0,0,0,0,1,1,0.0,0.0,0.0,0.0,1.0,0.0,0.0,255,219,0.86,0.03,0.0,0.0,0.33,0.39,0.12,0.06
0,1,20,9,740,0,0,0,0,0,0,0,0,0,0,0,0,0,0,0,0,0,1,1,0.0,0.0,0.0,0.0,1.0,0.0,0.0,104,19,0.18,0.03,0.18,0.0,0.0,0.0,0.0,0.0
0,1,20,9,12,0,0,0,0,0,0,0,0,0,0,0,0,0,0,0,0,0,1,1,0.0,0.0,0.0,0.0,1.0,0.0,0.0,8,5,0.62,0.25,0.62,0.0,0.0,0.0,0.0,0.0
0,2,49,9,53,53,0,0,0,0,0,0,0,0,0,0,0,0,0,0,0,0,509,509,0.0,0.0,0.0,0.0,1.0,0.0,0.0,255,255,1.0,0.0,0.99,0.0,0.0,0.0,0.0,0.0
4,1,47,9,27,93,0,0,0,0,0,1,0,0,0,0,0,0,0,0,0,0,1,1,0.0,0.0,0.0,0.0,1.0,0.0,0.0,255,227,0.89,0.02,0.0,0.0,0.0,0.0,0.02,0.0
0,1,49,1,0,0,0,0,0,0,0,0,0,0,0,0,0,0,0,0,0,0,129,9,0.0,0.0,1.0,1.0,0.07,0.06,0.0,255,9,0.04,0.07,0.0,0.0,0.0,0.0,1.0,1.0
0,0,15,9,1032,0,0,0,0,0,0,0,0,0,0,0,0,0,0,0,0,0,511,511,0.0,0.0,0.0,0.0,1.0,0.0,0.0,205,204,1.0,0.01,1.0,0.0,0.0,0.0,0.0,0.0
0,2,49,9,1,1,0,0,0,0,0,0,0,0,0,0,0,0,0,0,0,0,11,2,0.0,0.0,0.0,0.0,0.18,0.45,0.0,255,2,0.01,0.24,1.0,0.0,0.0,0.0,0.0,0.0
0,1,24,9,232,958,0,0,0,0,0,1,0,0,0,0,0,0,0,0,0,0,3,3,0.0,0.0,0.0,0.0,1.0,0.0,0.0,138,195,1.0,0.0,0.01,0.01,0.0,0.0,0.0,0.0
0,1,24,9,304,1697,0,0,0,0,0,1,0,0,0,0,0,0,0,0,0,0,19,29,0.0,0.0,0.0,0.0,1.0,0.0,0.14,176,255,1.0,0.0,0.01,0.02,0.0,0.0,0.0,0.0
0,1,24,9,204,616,0,0,0,0,0,1,0,0,0,0,0,0,0,0,0,0,6,32,0.0,0.0,0.0,0.0,1.0,0.0,0.19,221,255,1.0,0.0,0.0,0.01,0.0,0.0,0.0,0.0
0,1,7,5,0,0,0,0,0,0,0,0,0,0,0,0,0,0,0,0,0,0,257,10,0.14,0.4,0.86,0.6,0.04,0.06,0.0,255,10,0.04,0.06,0.0,0.0,0.14,0.4,0.86,0.6
5,1,47,9,32,93,0,0,0,0,0,1,0,0,0,0,0,0,0,0,0,0,1,1,0.0,0.0,0.0,0.0,1.0,0.0,0.0,23,24,1.0,0.0,0.04,0.08,0.0,0.0,0.0,0.0
280,1,20,9,283618,0,0,0,0,1,0,0,0,0,0,0,0,0,0,0,0,0,2,2,0.0,0.0,0.0,0.0,1.0,0.0,0.0,7,14,0.86,0.29,0.86,0.14,0.0,0.0,0.0,0.0
0,1,23,1,0,0,0,0,0,0,0,0,0,0,0,0,0,0,0,0,0,0,280,19,0.0,0.0,1.0,1.0,0.07,0.06,0.0,255,19,0.07,0.07,0.0,0.0,0.0,0.0,1.0,1.0
0,1,24,1,0,0,0,0,0,0,0,0,0,0,0,0,0,0,0,0,0,0,18,9,0.0,0.0,1.0,1.0,0.5,0.17,0.0,255,58,0.23,0.11,0.0,0.0,0.0,0.0,0.99,1.0
0,1,24,9,310,1008,0,0,0,0,0,1,0,0,0,0,0,0,0,0,0,0,2,3,0.0,0.0,0.0,0.0,1.0,0.0,0.67,40,255,1.0,0.0,0.03,0.01,0.0,0.0,0.0,0.0
0,1,24,9,159,601,0,0,0,0,0,1,0,0,0,0,0,0,0,0,0,0,1,1,0.0,0.0,0.0,0.0,1.0,0.0,0.0,55,255,1.0,0.0,0.02,0.02,0.0,0.0,0.0,0.0
0,1,60,8,0,44,0,0,0,0,0,0,0,0,0,0,0,0,0,0,0,0,1,1,1.0,1.0,0.0,0.0,1.0,0.0,0.0,255,122,0.48,0.47,0.0,0.0,0.37,0.77,0.46,0.02
0,1,49,1,0,0,0,0,0,0,0,0,0,0,0,0,0,0,0,0,0,0,251,14,0.0,0.0,1.0,1.0,0.06,0.06,0.0,255,14,0.05,0.06,0.0,0.0,0.0,0.0,1.0,1.0
1,1,47,2,0,36,0,0,0,0,0,1,0,0,0,0,0,0,0,0,0,0,4,3,0.0,0.0,0.75,1.0,0.25,0.75,1.0,169,59,0.24,0.03,0.01,0.03,0.01,0.0,0.89,0.98
282,1,19,9,162,597,0,0,0,2,0,1,0,0,0,0,0,0,0,0,0,1,3,1,0.0,0.0,0.0,0.0,0.33,0.67,0.0,255,1,0.0,0.04,0.0,0.0,0.0,0.0,0.04,0.0
0,0,15,9,1480,0,0,1,0,0,0,0,0,0,0,0,0,0,0,0,0,0,1,3,0.0,0.0,0.0,0.0,1.0,0.0,0.67,2,9,0.5,1.0,0.5,0.56,0.5,0.0,0.0,0.0
0,1,49,1,0,0,0,0,0,0,0,0,0,0,0,0,0,0,0,0,0,0,222,18,0.0,0.0,1.0,1.0,0.08,0.06,0.0,255,18,0.07,0.06,0.0,0.0,0.0,0.0,1.0,1.0
0,1,57,2,0,0,0,0,0,0,0,0,0,0,0,0,0,0,0,0,0,0,2,1,0.0,0.0,1.0,1.0,0.5,1.0,0.0,255,1,0.0,1.0,1.0,0.0,0.0,0.0,1.0,1.0
0,1,24,9,264,2859,0,0,0,0,0,1,0,0,0,0,0,0,0,0,0,0,1,21,0.0,0.0,0.0,0.0,1.0,0.0,0.19,80,255,1.0,0.0,0.01,0.03,0.0,0.0,0.0,0.0
0,1,24,9,294,3127,0,0,0,0,0,1,0,0,0,0,0,0,0,0,0,0,5,18,0.0,0.0,0.0,0.0,1.0,0.0,0.17,255,255,1.0,0.0,0.0,0.0,0.0,0.0,0.0,0.0
3,1,47,9,30,93,0,0,0,0,0,1,0,0,0,0,0,0,0,0,0,0,1,1,0.0,0.0,0.0,0.0,1.0,0.0,0.0,255,254,1.0,0.01,0.01,0.0,0.0,0.0,0.0,0.0
0,1,24,9,244,4539,0,0,0,0,0,1,0,0,0,0,0,0,0,0,0,0,9,9,0.0,0.0,0.0,0.0,1.0,0.0,0.0,255,255,1.0,0.0,0.0,0.0,0.0,0.0,0.0,0.0
90,1,19,9,110,351,0,0,0,1,0,1,0,0,0,0,0,0,0,0,0,0,1,1,0.0,0.0,0.0,0.0,1.0,0.0,0.0,148,1,0.01,0.05,0.01,0.0,0.01,0.0,0.0,0.0
0,2,49,9,47,44,0,0,0,0,0,0,0,0,0,0,0,0,0,0,0,0,151,151,0.0,0.0,0.0,0.0,1.0,0.0,0.0,255,255,1.0,0.0,0.58,0.0,0.0,0.0,0.0,0.0
0,1,20,9,505,0,0,0,0,0,0,0,0,0,0,0,0,0,0,0,0,0,2,2,0.0,0.0,0.0,0.0,1.0,0.0,0.0,4,2,0.5,0.5,0.5,0.0,0.0,0.0,0.5,0.0
0,1,24,9,240,300,0,0,0,0,0,1,0,0,0,0,0,0,0,0,0,0,3,11,0.0,0.0,0.0,0.0,1.0,0.0,0.18,3,255,1.0,0.0,0.33,0.03,0.0,0.0,0.0,0.0
0,1,24,9,211,3204,0,0,0,0,0,1,0,0,0,0,0,0,0,0,0,0,8,9,0.0,0.0,0.0,0.0,1.0,0.0,0.22,27,255,1.0,0.0,0.04,0.05,0.0,0.0,0.0,0.0
4,1,47,9,28,93,0,0,0,0,0,1,0,0,0,0,0,0,0,0,0,0,1,1,0.0,0.0,0.0,0.0,1.0,0.0,0.0,255,134,0.53,0.02,0.0,0.0,0.0,0.0,0.17,0.02
0,2,12,9,42,42,0,0,0,0,0,0,0,0,0,0,0,0,0,0,0,0,5,8,0.0,0.0,0.0,0.0,1.0,0.0,0.25,240,239,1.0,0.01,0.0,0.0,0.0,0.0,0.0,0.0
0,1,24,5,0,0,0,0,0,0,0,0,0,0,0,0,0,0,0,0,0,0,36,36,0.08,0.08,0.92,0.92,1.0,0.0,0.0,255,255,1.0,0.0,0.0,0.0,0.02,0.02,0.61,0.61
0,1,24,9,338,766,0,0,0,0,0,1,0,0,0,0,0,0,0,0,0,0,4,4,0.0,0.0,0.0,0.0,1.0,0.0,0.0,17,243,1.0,0.0,0.06,0.05,0.0,0.0,0.0,0.0
0,1,28,2,0,44,0,0,0,0,0,0,0,0,0,0,0,0,0,0,0,0,2,2,0.0,0.0,1.0,1.0,0.5,1.0,1.0,190,60,0.25,0.03,0.01,0.03,0.03,0.0,0.91,0.78
0,1,24,9,280,491,0,0,0,0,0,1,0,0,0,0,0,0,0,0,0,0,2,2,0.0,0.0,0.0,0.0,1.0,0.0,0.0,57,255,1.0,0.0,0.02,0.03,0.0,0.0,0.0,0.0
0,1,49,1,0,0,0,0,0,0,0,0,0,0,0,0,0,0,0,0,0,0,141,20,0.0,0.0,1.0,1.0,0.14,0.06,0.0,255,20,0.08,0.07,0.0,0.0,0.0,0.0,1.0,1.0
0,1,49,1,0,0,0,0,0,0,0,0,0,0,0,0,0,0,0,0,0,0,148,1,0.0,0.0,1.0,1.0,0.01,0.06,0.0,255,1,0.0,0.06,0.0,0.0,0.0,0.0,1.0,1.0
0,1,49,5,0,0,0,0,0,0,0,0,0,0,0,0,0,0,0,0,0,0,111,2,1.0,1.0,0.0,0.0,0.02,0.07,0.0,255,2,0.01,0.06,0.0,0.0,1.0,1.0,0.0,0.0
0,1,24,9,303,289,0,0,0,0,0,1,0,0,0,0,0,0,0,0,0,0,6,11,0.0,0.0,0.0,0.0,1.0,0.0,0.36,30,255,1.0,0.0,0.03,0.01,0.0,0.0,0.0,0.0
0,1,17,2,0,0,0,0,0,0,0,0,0,0,0,0,0,0,0,0,0,0,115,2,0.0,0.0,1.0,1.0,0.02,0.07,0.0,255,2,0.01,0.06,0.0,0.0,0.0,0.0,1.0,1.0
0,1,24,9,253,1079,0,0,0,0,0,1,0,0,0,0,0,0,0,0,0,0,35,35,0.0,0.0,0.0,0.0,1.0,0.0,0.0,90,255,1.0,0.0,0.01,0.01,0.0,0.0,0.0,0.0
0,1,44,1,0,0,0,0,0,0,0,0,0,0,0,0,0,0,0,0,0,0,414,1,0.14,0.0,0.85,1.0,0.0,1.0,0.0,255,1,0.0,0.95,0.0,0.0,0.13,0.0,0.86,1.0
0,2,49,9,47,44,0,0,0,0,0,0,0,0,0,0,0,0,0,0,0,0,156,156,0.0,0.0,0.0,0.0,1.0,0.0,0.0,255,254,1.0,0.01,0.61,0.0,0.0,0.0,0.0,0.0
0,1,24,9,292,3247,0,0,0,0,0,1,0,0,0,0,0,0,0,0,0,0,4,4,0.0,0.0,0.0,0.0,1.0,0.0,0.0,28,255,1.0,0.0,0.04,0.04,0.0,0.0,0.0,0.0
0,1,49,5,0,0,0,0,0,0,0,0,0,0,0,0,0,0,0,0,0,0,130,4,1.0,1.0,0.0,0.0,0.03,0.06,0.0,255,4,0.02,0.06,0.0,0.0,1.0,1.0,0.0,0.0
0,1,24,9,243,11029,0,0,0,0,0,1,0,0,0,0,0,0,0,0,0,0,30,30,0.0,0.0,0.0,0.0,1.0,0.0,0.0,255,255,1.0,0.0,0.0,0.0,0.0,0.0,0.0,0.0
0,2,12,9,43,83,0,0,0,0,0,0,0,0,0,0,0,0,0,0,0,0,172,172,0.0,0.0,0.0,0.0,1.0,0.0,0.0,255,255,1.0,0.0,0.01,0.0,0.0,0.0,0.0,0.0
1,1,54,9,2599,293,0,0,0,0,0,1,0,0,0,0,0,0,0,0,0,0,2,2,0.0,0.0,0.0,0.0,1.0,0.0,0.0,255,114,0.45,0.15,0.0,0.0,0.0,0.0,0.54,0.0
0,1,24,9,231,401,0,0,0,0,0,1,0,0,0,0,0,0,0,0,0,0,7,7,0.0,0.0,0.0,0.0,1.0,0.0,0.0,35,255,1.0,0.0,0.03,0.03,0.0,0.0,0.0,0.0
0,1,11,5,0,0,0,0,0,0,0,0,0,0,0,0,0,0,0,0,0,0,164,11,1.0,1.0,0.0,0.0,0.07,0.1,0.0,255,11,0.04,0.1,0.0,0.0,1.0,1.0,0.0,0.0
0,1,57,1,0,0,0,0,0,0,0,0,0,0,0,0,0,0,0,0,0,0,1,3,0.0,0.0,1.0,1.0,1.0,0.0,1.0,255,24,0.09,0.03,0.0,0.0,0.0,0.0,0.42,1.0
8180,1,60,9,0,15,0,0,0,0,0,0,0,0,0,0,0,0,0,0,0,0,1,1,0.0,0.0,0.0,0.0,1.0,0.0,0.0,255,71,0.28,0.02,0.0,0.0,0.73,0.7,0.01,0.03
0,1,24,9,306,1075,0,0,0,0,0,1,0,0,0,0,0,0,0,0,0,0,5,25,0.0,0.0,0.0,0.0,1.0,0.0,0.12,255,253,0.99,0.01,0.0,0.0,0.21,0.21,0.55,0.55
0,2,12,9,44,129,0,0,0,0,0,0,0,0,0,0,0,0,0,0,0,0,150,230,0.0,0.0,0.0,0.0,0.99,0.01,0.01,255,254,1.0,0.01,0.0,0.0,0.0,0.0,0.0,0.0
0,1,54,9,5820,364,0,0,0,0,0,1,0,0,0,0,0,0,0,0,0,0,1,1,0.0,0.0,0.0,0.0,1.0,0.0,0.0,255,169,0.66,0.03,0.0,0.0,0.0,0.0,0.0,0.0
0,1,47,1,0,0,0,0,0,0,0,0,0,0,0,0,0,0,0,0,0,0,3,5,0.0,0.0,1.0,1.0,0.33,1.0,1.0,252,18,0.07,0.03,0.0,0.0,0.0,0.0,0.24,1.0
1,1,54,9,2599,293,0,0,0,0,0,1,0,0,0,0,0,0,0,0,0,0,3,2,0.0,0.0,0.33,0.0,0.67,0.67,0.0,255,149,0.58,0.13,0.0,0.0,0.0,0.0,0.4,0.0
280,1,20,9,283618,0,0,0,0,0,0,0,0,0,0,0,0,0,0,0,0,0,2,2,0.0,0.0,0.0,0.0,1.0,0.0,0.0,7,10,0.86,0.29,0.86,0.2,0.0,0.0,0.0,0.0
0,2,12,9,45,115,0,0,0,0,0,0,0,0,0,0,0,0,0,0,0,0,2,4,0.0,0.0,0.0,0.0,1.0,0.0,0.5,255,251,0.98,0.01,0.0,0.0,0.0,0.0,0.0,0.0
10,1,60,9,119,2437,0,0,0,0,0,1,0,0,0,0,0,0,0,0,0,0,1,1,0.0,0.0,0.0,0.0,1.0,0.0,0.0,255,6,0.02,0.35,0.0,0.0,0.01,0.17,0.64,0.33
0,1,24,9,240,2276,0,0,0,0,0,1,0,0,0,0,0,0,0,0,0,0,7,7,0.0,0.0,0.0,0.0,1.0,0.0,0.0,255,255,1.0,0.0,0.01,0.0,0.0,0.0,0.0,0.0
0,1,49,1,0,0,0,0,0,0,0,0,0,0,0,0,0,0,0,0,0,0,197,8,0.0,0.0,1.0,1.0,0.04,0.06,0.0,255,8,0.03,0.06,0.0,0.0,0.0,0.0,1.0,1.0
0,1,24,9,199,1525,0,0,0,0,0,1,0,0,0,0,0,0,0,0,0,0,5,5,0.0,0.0,0.0,0.0,1.0,0.0,0.0,255,255,1.0,0.0,0.0,0.0,0.0,0.0,0.0,0.0
0,1,24,9,323,1770,0,0,0,0,0,1,0,0,0,0,0,0,0,0,0,0,9,9,0.0,0.0,0.0,0.0,1.0,0.0,0.0,179,253,1.0,0.0,0.01,0.02,0.0,0.0,0.0,0.0
0,2,49,9,46,0,0,0,0,0,0,0,0,0,0,0,0,0,0,0,0,0,3,3,0.0,0.0,0.0,0.0,1.0,0.0,0.0,255,255,1.0,0.0,0.02,0.0,0.0,0.0,0.0,0.0
0,1,18,5,0,0,0,0,0,0,0,0,0,0,0,0,0,0,0,0,0,0,65,16,1.0,1.0,0.0,0.0,0.25,0.06,0.0,255,63,0.25,0.02,0.01,0.0,0.97,0.98,0.0,0.0
281,1,19,9,162,597,0,0,0,2,0,1,0,0,0,0,0,0,0,0,0,1,1,1,0.0,0.0,0.0,0.0,1.0,0.0,0.0,245,88,0.36,0.03,0.0,0.0,0.0,0.0,0.0,0.0
0,1,54,9,747,334,0,0,0,0,0,1,0,0,0,0,0,0,0,0,0,0,1,1,0.0,0.0,0.0,0.0,1.0,0.0,0.0,229,148,0.59,0.03,0.0,0.01,0.0,0.0,0.0,0.0
1,1,54,9,2599,293,0,0,0,0,0,1,0,0,0,0,0,0,0,0,0,0,3,3,0.0,0.0,0.0,0.0,1.0,0.0,0.0,255,108,0.42,0.14,0.0,0.0,0.0,0.0,0.56,0.0
0,1,49,5,0,0,0,0,0,0,0,0,0,0,0,0,0,0,0,0,0,0,179,2,1.0,1.0,0.0,0.0,0.01,0.09,0.0,255,2,0.01,0.09,0.0,0.0,1.0,1.0,0.0,0.0
0,0,15,9,1008,0,0,0,0,0,0,0,0,0,0,0,0,0,0,0,0,0,430,430,0.0,0.0,0.0,0.0,1.0,0.0,0.0,255,255,1.0,0.0,1.0,0.0,0.0,0.0,0.0,0.0
0,1,49,5,0,0,0,0,0,0,0,0,0,0,0,0,0,0,0,0,0,0,214,4,1.0,1.0,0.0,0.0,0.02,0.07,0.0,255,4,0.02,0.07,0.0,0.0,1.0,1.0,0.0,0.0
3,1,47,9,32,93,0,0,0,0,0,1,0,0,0,0,0,0,0,0,0,0,1,1,0.0,0.0,0.0,0.0,1.0,0.0,0.0,115,100,0.86,0.03,0.01,0.02,0.0,0.0,0.09,0.0
0,1,24,9,54540,8314,0,0,0,2,0,1,1,0,0,0,0,0,0,0,0,0,5,37,0.0,0.0,0.0,0.0,1.0,0.0,0.05,255,255,1.0,0.0,0.0,0.0,0.0,0.0,0.05,0.05
0,1,24,9,228,1742,0,0,0,0,0,1,0,0,0,0,0,0,0,0,0,0,10,10,0.0,0.0,0.0,0.0,1.0,0.0,0.0,255,255,1.0,0.0,0.0,0.0,0.0,0.0,0.0,0.0
0,2,49,9,43,0,0,0,0,0,0,0,0,0,0,0,0,0,0,0,0,0,4,4,0.0,0.0,0.0,0.0,1.0,0.0,0.0,255,254,1.0,0.01,0.0,0.0,0.0,0.0,0.0,0.0
0,1,24,9,289,2976,0,0,0,0,0,1,0,0,0,0,0,0,0,0,0,0,2,3,0.0,0.0,0.0,0.0,1.0,0.0,0.67,2,255,1.0,0.0,0.5,0.02,0.0,0.0,0.0,0.0
0,1,44,5,0,0,0,0,0,0,0,0,0,0,0,0,0,0,0,0,0,0,458,1,0.14,1.0,0.86,0.0,0.0,1.0,0.0,255,1,0.0,0.91,0.0,0.0,0.12,1.0,0.88,0.0
0,1,24,9,258,181,0,0,0,0,0,1,0,0,0,0,0,0,0,0,0,0,3,3,0.0,0.0,0.0,0.0,1.0,0.0,0.0,13,245,1.0,0.0,0.08,0.03,0.0,0.0,0.0,0.0
0,1,24,9,313,375,0,0,0,0,0,1,0,0,0,0,0,0,0,0,0,0,2,16,0.0,0.0,0.0,0.0,1.0,0.0,0.12,220,255,1.0,0.0,0.0,0.01,0.0,0.0,0.0,0.0
0,1,20,9,38518,0,0,0,0,0,0,0,0,0,0,0,0,0,0,0,0,0,25,25,0.0,0.0,0.0,0.0,1.0,0.0,0.0,255,136,0.53,0.03,0.53,0.0,0.0,0.01,0.0,0.0
